SEED: 44
MODEL PATH: /home/ngochv/Dynamic_Feature/models
wandb: WARNING `start_method` is deprecated and will be removed in a future version of wandb. This setting is currently non-functional and safely ignored.
wandb: [wandb.login()] Loaded credentials for https://api.wandb.ai from /home/ngocvo/.netrc.
wandb: Currently logged in as: hngocvo207 (hngocvo207-national-economic-university) to https://api.wandb.ai. Use `wandb login --relogin` to force relogin

----- Prepare data set -----
  Load/shuffle/seperate Dataset_MG dataset, and vocabulary graph adjacent matrix
  [train label source] isp (ground truth only) -- propagated_1hop labels NOT used for training
  [report label source] valid/test always use ground-truth isp, never isp_augmented (fixed, not a flag)
wandb: setting up run h3gxwf4k
wandb: Tracking run with wandb version 0.24.0
wandb: Run data is saved locally in /home/ngocvo/Desktop/ngocvo/Dynamic_Fusion/Dataset/wandb/run-20260802_235707-h3gxwf4k
wandb: Run `wandb offline` to turn off syncing.
wandb: Syncing run dazzling-spaceship-18
wandb: ⭐️ View project at https://wandb.ai/hngocvo207-national-economic-university/fraud_detection
wandb: 🚀 View run at https://wandb.ai/hngocvo207-national-economic-university/fraud_detection/runs/h3gxwf4k
ETH_GBert Start at: Sun Aug  2 23:57:09 2026

----- Configure ----- 
  args.ds: Dataset_MG 
  stop_words: False 
  Vocab GCN_hidden_dim: vocab_size (35000) -> 128 -> 16 
  Learning_rate0: 2e-05
  weight_decay: 0.001 
  Loss_criterion cle 
  softmax_before_mse: True 
  Dropout: 0.2 
  gcn_act_func: Relu 
  MAX_SEQ_LENGTH: 416 
  perform_metrics_str: F1(pos) 
  run_tag: bertadam_warmup 
  model_file_4save: ETH_GBert16_model_Dataset_MG_cle_sw0_vocab35000_bertadam_warmup.pt 
  early_stopping_patience: 5 
  validate_program: False
/home/ngocvo/Desktop/ngocvo/Dynamic_Fusion/Dataset/tri_model/utils.py:63: RuntimeWarning: divide by zero encountered in power
  d_inv_sqrt = np.power(rowsum, -0.5).flatten()
  Loaded graph features: 5655 nodes, 10 features each
  Feature names: ['betweenness_centrality', 'clustering_coefficient', 'in_degree', 'freq_in_long', 'out_degree', 'freq_out_long', 'freq_out_short', 'max_out_amount', 'in_degree_centrality', 'active_days']
  Focal loss: enabled=True gamma=2.0 alpha=[0.5, 0.5] (neutral -- train_dataloader's WeightedRandomSampler already rebalances batches; original train pos_frac=0.0260 kept for logging only)
  Train_classes count: [np.int64(19481), np.int64(519)]
  Num examples for train = 20000 , after weight sample: 20000
  Num examples for validate = 5000
  Batch size = 8
  Num steps = 37500

----- Running training -----
Epoch:0-0/2500, Train cle Loss: 0.08932693302631378, LR: 5.33e-09, Cumulated time: 0.013763793309529622m 
Epoch:0-40/2500, Train cle Loss: 0.08958552032709122, LR: 2.19e-07, Cumulated time: 0.42920320431391396m 
Epoch:0-80/2500, Train cle Loss: 0.08302056789398193, LR: 4.32e-07, Cumulated time: 0.8496467431386312m 
Epoch:0-120/2500, Train cle Loss: 0.07934778183698654, LR: 6.45e-07, Cumulated time: 1.272085964679718m 
Epoch:0-160/2500, Train cle Loss: 0.09325067698955536, LR: 8.59e-07, Cumulated time: 1.6943057537078858m 
Epoch:0-200/2500, Train cle Loss: 0.09916692227125168, LR: 1.07e-06, Cumulated time: 2.1135908007621764m 
Epoch:0-240/2500, Train cle Loss: 0.06898671388626099, LR: 1.29e-06, Cumulated time: 2.53619867960612m 
Epoch:0-280/2500, Train cle Loss: 0.0991707593202591, LR: 1.50e-06, Cumulated time: 2.9739508946736652m 
Epoch:0-320/2500, Train cle Loss: 0.08470509201288223, LR: 1.71e-06, Cumulated time: 3.397050722440084m 
Epoch:0-360/2500, Train cle Loss: 0.0686626210808754, LR: 1.93e-06, Cumulated time: 3.818150889873505m 
Epoch:0-400/2500, Train cle Loss: 0.07061784714460373, LR: 2.14e-06, Cumulated time: 4.242325218518575m 
Epoch:0-440/2500, Train cle Loss: 0.0807068943977356, LR: 2.35e-06, Cumulated time: 4.665318334102631m 
Epoch:0-480/2500, Train cle Loss: 0.091013103723526, LR: 2.57e-06, Cumulated time: 5.089253815015157m 
Epoch:0-520/2500, Train cle Loss: 0.07430151104927063, LR: 2.78e-06, Cumulated time: 5.538476554552714m 
Epoch:0-560/2500, Train cle Loss: 0.09317637979984283, LR: 2.99e-06, Cumulated time: 5.962778794765472m 
Epoch:0-600/2500, Train cle Loss: 0.08839039504528046, LR: 3.21e-06, Cumulated time: 6.382317543029785m 
Epoch:0-640/2500, Train cle Loss: 0.07766689360141754, LR: 3.42e-06, Cumulated time: 6.8035641272862755m 
Epoch:0-680/2500, Train cle Loss: 0.08124761283397675, LR: 3.63e-06, Cumulated time: 7.222508478164673m 
Epoch:0-720/2500, Train cle Loss: 0.09471485763788223, LR: 3.85e-06, Cumulated time: 7.640630912780762m 
Epoch:0-760/2500, Train cle Loss: 0.0537305511534214, LR: 4.06e-06, Cumulated time: 8.088752281665801m 
Epoch:0-800/2500, Train cle Loss: 0.08033986389636993, LR: 4.27e-06, Cumulated time: 8.512919056415559m 
Epoch:0-840/2500, Train cle Loss: 0.08353035897016525, LR: 4.49e-06, Cumulated time: 8.937314236164093m 
Epoch:0-880/2500, Train cle Loss: 0.04991884529590607, LR: 4.70e-06, Cumulated time: 9.360181200504304m 
Epoch:0-920/2500, Train cle Loss: 0.041443414986133575, LR: 4.91e-06, Cumulated time: 9.784508204460144m 
Epoch:0-960/2500, Train cle Loss: 0.0804731622338295, LR: 5.13e-06, Cumulated time: 10.207359071572622m 
Epoch:0-1000/2500, Train cle Loss: 0.03803420811891556, LR: 5.34e-06, Cumulated time: 10.655425004164378m 
Epoch:0-1040/2500, Train cle Loss: 0.09597741067409515, LR: 5.55e-06, Cumulated time: 11.079698574542999m 
Epoch:0-1080/2500, Train cle Loss: 0.04654736816883087, LR: 5.77e-06, Cumulated time: 11.50394777059555m 
Epoch:0-1120/2500, Train cle Loss: 0.03541606664657593, LR: 5.98e-06, Cumulated time: 11.926686032613118m 
Epoch:0-1160/2500, Train cle Loss: 0.08636974543333054, LR: 6.19e-06, Cumulated time: 12.345713031291961m 
Epoch:0-1200/2500, Train cle Loss: 0.01740521937608719, LR: 6.41e-06, Cumulated time: 12.77013284365336m 
Epoch:0-1240/2500, Train cle Loss: 0.03930509090423584, LR: 6.62e-06, Cumulated time: 13.194543826580048m 
Epoch:0-1280/2500, Train cle Loss: 0.09660271555185318, LR: 6.83e-06, Cumulated time: 13.64295281569163m 
Epoch:0-1320/2500, Train cle Loss: 0.00254513300023973, LR: 7.05e-06, Cumulated time: 14.067446994781495m 
Epoch:0-1360/2500, Train cle Loss: 0.0018384961877018213, LR: 7.26e-06, Cumulated time: 14.49168525536855m 
Epoch:0-1400/2500, Train cle Loss: 0.03844846040010452, LR: 7.47e-06, Cumulated time: 14.911421525478364m 
Epoch:0-1440/2500, Train cle Loss: 0.040580011904239655, LR: 7.69e-06, Cumulated time: 15.336014934380849m 
Epoch:0-1480/2500, Train cle Loss: 0.060924530029296875, LR: 7.90e-06, Cumulated time: 15.760657751560212m 
Epoch:0-1520/2500, Train cle Loss: 0.1106702908873558, LR: 8.11e-06, Cumulated time: 16.20928611755371m 
Epoch:0-1560/2500, Train cle Loss: 0.0683201476931572, LR: 8.33e-06, Cumulated time: 16.633708866437278m 
Epoch:0-1600/2500, Train cle Loss: 0.2184251844882965, LR: 8.54e-06, Cumulated time: 17.052648214499154m 
Epoch:0-1640/2500, Train cle Loss: 0.05846293270587921, LR: 8.75e-06, Cumulated time: 17.477120856444042m 
Epoch:0-1680/2500, Train cle Loss: 0.136846661567688, LR: 8.97e-06, Cumulated time: 17.901664280891417m 
Epoch:0-1720/2500, Train cle Loss: 0.014589891768991947, LR: 9.18e-06, Cumulated time: 18.326124759515128m 
Epoch:0-1760/2500, Train cle Loss: 0.16297052800655365, LR: 9.39e-06, Cumulated time: 18.774619448184968m 
Epoch:0-1800/2500, Train cle Loss: 0.06699470430612564, LR: 9.61e-06, Cumulated time: 19.198863406976063m 
Epoch:0-1840/2500, Train cle Loss: 0.007867857813835144, LR: 9.82e-06, Cumulated time: 19.62310094833374m 
Epoch:0-1880/2500, Train cle Loss: 0.21105340123176575, LR: 1.00e-05, Cumulated time: 20.04759753147761m 
Epoch:0-1920/2500, Train cle Loss: 0.01635621301829815, LR: 1.02e-05, Cumulated time: 20.468828137715658m 
Epoch:0-1960/2500, Train cle Loss: 0.060494229197502136, LR: 1.05e-05, Cumulated time: 20.893563187122346m 
Epoch:0-2000/2500, Train cle Loss: 0.06331952661275864, LR: 1.07e-05, Cumulated time: 21.33728453318278m 
Epoch:0-2040/2500, Train cle Loss: 0.010747053660452366, LR: 1.09e-05, Cumulated time: 21.761821230252583m 
Epoch:0-2080/2500, Train cle Loss: 0.019291924312710762, LR: 1.11e-05, Cumulated time: 22.186260569095612m 
Epoch:0-2120/2500, Train cle Loss: 0.08071157336235046, LR: 1.13e-05, Cumulated time: 22.607612824440004m 
Epoch:0-2160/2500, Train cle Loss: 0.0784212052822113, LR: 1.15e-05, Cumulated time: 23.026591245333353m 
Epoch:0-2200/2500, Train cle Loss: 0.13136006891727448, LR: 1.17e-05, Cumulated time: 23.451084419091544m 
Epoch:0-2240/2500, Train cle Loss: 0.07044602930545807, LR: 1.20e-05, Cumulated time: 23.875842436154684m 
Epoch:0-2280/2500, Train cle Loss: 0.004112591966986656, LR: 1.22e-05, Cumulated time: 24.311989255746205m 
Epoch:0-2320/2500, Train cle Loss: 0.10943222045898438, LR: 1.24e-05, Cumulated time: 24.736345974604287m 
Epoch:0-2360/2500, Train cle Loss: 0.06309442222118378, LR: 1.26e-05, Cumulated time: 25.16065375407537m 
Epoch:0-2400/2500, Train cle Loss: 0.01510960329324007, LR: 1.28e-05, Cumulated time: 25.585175216197968m 
Epoch:0-2440/2500, Train cle Loss: 0.004523352719843388, LR: 1.30e-05, Cumulated time: 26.009819336732228m 
Epoch:0-2480/2500, Train cle Loss: 0.016655460000038147, LR: 1.32e-05, Cumulated time: 26.43128467798233m 
--------------------------------------------------------------
Report:
              precision    recall  f1-score   support

           0     0.9972    0.8126    0.8955      4883
           1     0.1038    0.9060    0.1863       117

    accuracy                         0.8148      5000
   macro avg     0.5505    0.8593    0.5409      5000
weighted avg     0.9763    0.8148    0.8789      5000

Epoch : 0, F1(pos): 18.629, F1(weighted): 87.891, Pre: 97.633, Rec: 81.480, Acc : 81.480 on Valid_set, Spend:1.328 minutes for evaluation
--------------------------------------------------------------
Report:
              precision    recall  f1-score   support

           0     0.9916    0.5954    0.7440      9471
           1     0.1115    0.9093    0.1987       529

    accuracy                         0.6120     10000
   macro avg     0.5515    0.7523    0.4714     10000
weighted avg     0.9450    0.6120    0.7152     10000

Epoch : 0, F1(pos): 19.868, F1(weighted): 71.518, Pre: 94.501, Rec: 61.200, Acc : 61.200 on Test_set, Spend:2.609 minutes for evaluation
--------------------------------------------------------------
Epoch:0 completed, Total Train Loss:150.86079835472628, Valid Loss:295.8160834014416, Spend 30.6005077679952m 
New best model saved at epoch 0 with F1(pos): 0.1863 (F1(weighted): 0.8789), Recall: 0.9763, Precision: 0.8148
Epoch:1-0/2500, Train cle Loss: 0.08861298859119415, LR: 1.33e-05, Cumulated time: 30.641966378688814m 
Epoch:1-40/2500, Train cle Loss: 0.047737132757902145, LR: 1.36e-05, Cumulated time: 31.067947566509247m 
Epoch:1-80/2500, Train cle Loss: 0.0163757111877203, LR: 1.38e-05, Cumulated time: 31.49291512966156m 
Epoch:1-120/2500, Train cle Loss: 0.0692509338259697, LR: 1.40e-05, Cumulated time: 31.917624616622923m 
Epoch:1-160/2500, Train cle Loss: 0.02806958369910717, LR: 1.42e-05, Cumulated time: 32.34238157272339m 
Epoch:1-200/2500, Train cle Loss: 0.04484124109148979, LR: 1.44e-05, Cumulated time: 32.76350334882736m 
Epoch:1-240/2500, Train cle Loss: 0.03613091632723808, LR: 1.46e-05, Cumulated time: 33.18353160222372m 
Epoch:1-280/2500, Train cle Loss: 0.020417530089616776, LR: 1.48e-05, Cumulated time: 33.622544626394905m 
Epoch:1-320/2500, Train cle Loss: 0.03956158086657524, LR: 1.50e-05, Cumulated time: 34.03827515045802m 
Epoch:1-360/2500, Train cle Loss: 0.0456685945391655, LR: 1.53e-05, Cumulated time: 34.462696103254956m 
Epoch:1-400/2500, Train cle Loss: 0.018496479839086533, LR: 1.55e-05, Cumulated time: 34.8872768163681m 
Epoch:1-440/2500, Train cle Loss: 0.04469380900263786, LR: 1.57e-05, Cumulated time: 35.31162400245667m 
Epoch:1-480/2500, Train cle Loss: 0.09140153229236603, LR: 1.59e-05, Cumulated time: 35.73596216440201m 
Epoch:1-520/2500, Train cle Loss: 0.00916934385895729, LR: 1.61e-05, Cumulated time: 36.184698124726616m 
Epoch:1-560/2500, Train cle Loss: 0.01966738887131214, LR: 1.63e-05, Cumulated time: 36.60938957134883m 
Epoch:1-600/2500, Train cle Loss: 0.04181705042719841, LR: 1.65e-05, Cumulated time: 37.03060001929601m 
Epoch:1-640/2500, Train cle Loss: 0.09385105222463608, LR: 1.68e-05, Cumulated time: 37.45516300598781m 
Epoch:1-680/2500, Train cle Loss: 0.03412992134690285, LR: 1.70e-05, Cumulated time: 37.874528495470685m 
Epoch:1-720/2500, Train cle Loss: 0.008302396163344383, LR: 1.72e-05, Cumulated time: 38.299006418387094m 
Epoch:1-760/2500, Train cle Loss: 0.06690663844347, LR: 1.74e-05, Cumulated time: 38.74568224350612m 
Epoch:1-800/2500, Train cle Loss: 0.03228985145688057, LR: 1.76e-05, Cumulated time: 39.170205263296765m 
Epoch:1-840/2500, Train cle Loss: 0.04363346844911575, LR: 1.78e-05, Cumulated time: 39.591381855805714m 
Epoch:1-880/2500, Train cle Loss: 0.008792798966169357, LR: 1.80e-05, Cumulated time: 40.01608239809672m 
Epoch:1-920/2500, Train cle Loss: 0.05181647837162018, LR: 1.82e-05, Cumulated time: 40.44070087273916m 
Epoch:1-960/2500, Train cle Loss: 0.02797558903694153, LR: 1.85e-05, Cumulated time: 40.86432528098424m 
Epoch:1-1000/2500, Train cle Loss: 0.07343785464763641, LR: 1.87e-05, Cumulated time: 41.31279174486796m 
Epoch:1-1040/2500, Train cle Loss: 0.09069409221410751, LR: 1.89e-05, Cumulated time: 41.734248165289564m 
Epoch:1-1080/2500, Train cle Loss: 0.013302510604262352, LR: 1.91e-05, Cumulated time: 42.15350344181061m 
Epoch:1-1120/2500, Train cle Loss: 0.014513181522488594, LR: 1.93e-05, Cumulated time: 42.57810986042023m 
Epoch:1-1160/2500, Train cle Loss: 0.08084633946418762, LR: 1.95e-05, Cumulated time: 43.002749991416934m 
Epoch:1-1200/2500, Train cle Loss: 0.03412105515599251, LR: 1.97e-05, Cumulated time: 43.42420128583908m 
Epoch:1-1240/2500, Train cle Loss: 0.053453072905540466, LR: 2.00e-05, Cumulated time: 43.84891692002614m 
Epoch:1-1280/2500, Train cle Loss: 0.04375605285167694, LR: 2.00e-05, Cumulated time: 44.29589744011561m 
Epoch:1-1320/2500, Train cle Loss: 0.0206846222281456, LR: 2.00e-05, Cumulated time: 44.71717697779338m 
Epoch:1-1360/2500, Train cle Loss: 0.03035067208111286, LR: 1.99e-05, Cumulated time: 45.14174221754074m 
Epoch:1-1400/2500, Train cle Loss: 0.01156141422688961, LR: 1.99e-05, Cumulated time: 45.56629325548808m 
Epoch:1-1440/2500, Train cle Loss: 0.06696182489395142, LR: 1.99e-05, Cumulated time: 45.99105863571167m 
Epoch:1-1480/2500, Train cle Loss: 0.06238160282373428, LR: 1.99e-05, Cumulated time: 46.41467327276866m 
Epoch:1-1520/2500, Train cle Loss: 0.0092118289321661, LR: 1.98e-05, Cumulated time: 46.863619379202525m 
Epoch:1-1560/2500, Train cle Loss: 0.05079785734415054, LR: 1.98e-05, Cumulated time: 47.288088687260945m 
Epoch:1-1600/2500, Train cle Loss: 0.08375094830989838, LR: 1.98e-05, Cumulated time: 47.71254928509394m 
Epoch:1-1640/2500, Train cle Loss: 0.1629326343536377, LR: 1.98e-05, Cumulated time: 48.13724394241969m 
Epoch:1-1680/2500, Train cle Loss: 0.08073744922876358, LR: 1.97e-05, Cumulated time: 48.55881834427516m 
Epoch:1-1720/2500, Train cle Loss: 0.07885043323040009, LR: 1.97e-05, Cumulated time: 48.98334147930145m 
Epoch:1-1760/2500, Train cle Loss: 0.027041837573051453, LR: 1.97e-05, Cumulated time: 49.43088243405024m 
Epoch:1-1800/2500, Train cle Loss: 0.011424926109611988, LR: 1.97e-05, Cumulated time: 49.855573908487955m 
Epoch:1-1840/2500, Train cle Loss: 0.06413162499666214, LR: 1.96e-05, Cumulated time: 50.2803494254748m 
Epoch:1-1880/2500, Train cle Loss: 0.04654940217733383, LR: 1.96e-05, Cumulated time: 50.70472999016444m 
Epoch:1-1920/2500, Train cle Loss: 0.06133469194173813, LR: 1.96e-05, Cumulated time: 51.129573265711464m 
Epoch:1-1960/2500, Train cle Loss: 0.05541548132896423, LR: 1.96e-05, Cumulated time: 51.55299926201503m 
Epoch:1-2000/2500, Train cle Loss: 0.02502846159040928, LR: 1.96e-05, Cumulated time: 52.0018253882726m 
Epoch:1-2040/2500, Train cle Loss: 0.030455851927399635, LR: 1.95e-05, Cumulated time: 52.42634969154994m 
Epoch:1-2080/2500, Train cle Loss: 0.046381041407585144, LR: 1.95e-05, Cumulated time: 52.85073300202688m 
Epoch:1-2120/2500, Train cle Loss: 0.010673539713025093, LR: 1.95e-05, Cumulated time: 53.275404743353526m 
Epoch:1-2160/2500, Train cle Loss: 0.0664735734462738, LR: 1.95e-05, Cumulated time: 53.69486648639043m 
Epoch:1-2200/2500, Train cle Loss: 0.01956375315785408, LR: 1.94e-05, Cumulated time: 54.119353318214415m 
Epoch:1-2240/2500, Train cle Loss: 0.043977007269859314, LR: 1.94e-05, Cumulated time: 54.541120970249175m 
Epoch:1-2280/2500, Train cle Loss: 0.0335528664290905, LR: 1.94e-05, Cumulated time: 54.98616087834041m 
Epoch:1-2320/2500, Train cle Loss: 0.009175525978207588, LR: 1.94e-05, Cumulated time: 55.410737200578055m 
Epoch:1-2360/2500, Train cle Loss: 0.07392993569374084, LR: 1.93e-05, Cumulated time: 55.83532371123632m 
Epoch:1-2400/2500, Train cle Loss: 0.06770887225866318, LR: 1.93e-05, Cumulated time: 56.253368771076204m 
Epoch:1-2440/2500, Train cle Loss: 0.07024527341127396, LR: 1.93e-05, Cumulated time: 56.67788896560669m 
Epoch:1-2480/2500, Train cle Loss: 0.034271519631147385, LR: 1.93e-05, Cumulated time: 57.10236061016719m 
--------------------------------------------------------------
Report:
              precision    recall  f1-score   support

           0     0.9966    0.8364    0.9095      4883
           1     0.1142    0.8803    0.2022       117

    accuracy                         0.8374      5000
   macro avg     0.5554    0.8584    0.5558      5000
weighted avg     0.9759    0.8374    0.8929      5000

Epoch : 1, F1(pos): 20.216, F1(weighted): 89.292, Pre: 97.594, Rec: 83.740, Acc : 83.740 on Valid_set, Spend:1.324 minutes for evaluation
--------------------------------------------------------------
Report:
              precision    recall  f1-score   support

           0     0.9901    0.6521    0.7863      9471
           1     0.1241    0.8828    0.2177       529

    accuracy                         0.6643     10000
   macro avg     0.5571    0.7674    0.5020     10000
weighted avg     0.9443    0.6643    0.7562     10000

Epoch : 1, F1(pos): 21.766, F1(weighted): 75.622, Pre: 94.425, Rec: 66.430, Acc : 66.430 on Test_set, Spend:2.603 minutes for evaluation
--------------------------------------------------------------
Epoch:1 completed, Total Train Loss:104.73696200113045, Valid Loss:250.21653005480766, Spend 61.25478674968084m 
New best model saved at epoch 1 with F1(pos): 0.2022 (F1(weighted): 0.8929), Recall: 0.9759, Precision: 0.8374
Epoch:2-0/2500, Train cle Loss: 0.02728957310318947, LR: 1.93e-05, Cumulated time: 61.29980118274689m 
Epoch:2-40/2500, Train cle Loss: 0.01376424077898264, LR: 1.92e-05, Cumulated time: 61.72561742862066m 
Epoch:2-80/2500, Train cle Loss: 0.03863723576068878, LR: 1.92e-05, Cumulated time: 62.1506197253863m 
Epoch:2-120/2500, Train cle Loss: 0.03341760113835335, LR: 1.92e-05, Cumulated time: 62.57422477404277m 
Epoch:2-160/2500, Train cle Loss: 0.03685873746871948, LR: 1.92e-05, Cumulated time: 62.998929886023205m 
Epoch:2-200/2500, Train cle Loss: 0.06334210932254791, LR: 1.91e-05, Cumulated time: 63.42247778177261m 
Epoch:2-240/2500, Train cle Loss: 0.039137691259384155, LR: 1.91e-05, Cumulated time: 63.846949760119124m 
Epoch:2-280/2500, Train cle Loss: 0.060910552740097046, LR: 1.91e-05, Cumulated time: 64.29561392466228m 
Epoch:2-320/2500, Train cle Loss: 0.07469293475151062, LR: 1.91e-05, Cumulated time: 64.7201998591423m 
Epoch:2-360/2500, Train cle Loss: 0.02982266992330551, LR: 1.90e-05, Cumulated time: 65.14331425428391m 
Epoch:2-400/2500, Train cle Loss: 0.08095375448465347, LR: 1.90e-05, Cumulated time: 65.56810185114543m 
Epoch:2-440/2500, Train cle Loss: 0.15013781189918518, LR: 1.90e-05, Cumulated time: 65.99245709578196m 
Epoch:2-480/2500, Train cle Loss: 0.09947288036346436, LR: 1.90e-05, Cumulated time: 66.41541492144266m 
Epoch:2-520/2500, Train cle Loss: 0.04499446600675583, LR: 1.90e-05, Cumulated time: 66.86381182670593m 
Epoch:2-560/2500, Train cle Loss: 0.011893978342413902, LR: 1.89e-05, Cumulated time: 67.28678271770477m 
Epoch:2-600/2500, Train cle Loss: 0.00857057049870491, LR: 1.89e-05, Cumulated time: 67.71000527540842m 
Epoch:2-640/2500, Train cle Loss: 0.0159105584025383, LR: 1.89e-05, Cumulated time: 68.13339758714041m 
Epoch:2-680/2500, Train cle Loss: 0.22506117820739746, LR: 1.89e-05, Cumulated time: 68.55122252702714m 
Epoch:2-720/2500, Train cle Loss: 0.1695844829082489, LR: 1.88e-05, Cumulated time: 68.97576537926992m 
Epoch:2-760/2500, Train cle Loss: 0.03478432446718216, LR: 1.88e-05, Cumulated time: 69.42433411280314m 
Epoch:2-800/2500, Train cle Loss: 0.01671651192009449, LR: 1.88e-05, Cumulated time: 69.84378190835317m 
Epoch:2-840/2500, Train cle Loss: 0.01203217078000307, LR: 1.88e-05, Cumulated time: 70.2651886264483m 
Epoch:2-880/2500, Train cle Loss: 0.007845824584364891, LR: 1.87e-05, Cumulated time: 70.68994354406992m 
Epoch:2-920/2500, Train cle Loss: 0.010996660217642784, LR: 1.87e-05, Cumulated time: 71.11324576934179m 
Epoch:2-960/2500, Train cle Loss: 0.06982049345970154, LR: 1.87e-05, Cumulated time: 71.53509718577067m 
Epoch:2-1000/2500, Train cle Loss: 0.011498291045427322, LR: 1.87e-05, Cumulated time: 71.98350943724314m 
Epoch:2-1040/2500, Train cle Loss: 0.05570909008383751, LR: 1.86e-05, Cumulated time: 72.40473435322444m 
Epoch:2-1080/2500, Train cle Loss: 0.09649306535720825, LR: 1.86e-05, Cumulated time: 72.8226554830869m 
Epoch:2-1120/2500, Train cle Loss: 0.012722541578114033, LR: 1.86e-05, Cumulated time: 73.24740101496378m 
Epoch:2-1160/2500, Train cle Loss: 0.013661808334290981, LR: 1.86e-05, Cumulated time: 73.67072358131409m 
Epoch:2-1200/2500, Train cle Loss: 0.010458476841449738, LR: 1.85e-05, Cumulated time: 74.0940198302269m 
Epoch:2-1240/2500, Train cle Loss: 0.008361892774701118, LR: 1.85e-05, Cumulated time: 74.51886976559958m 
Epoch:2-1280/2500, Train cle Loss: 0.019885346293449402, LR: 1.85e-05, Cumulated time: 74.96748257478079m 
Epoch:2-1320/2500, Train cle Loss: 0.05296469107270241, LR: 1.85e-05, Cumulated time: 75.3895205895106m 
Epoch:2-1360/2500, Train cle Loss: 0.043697599321603775, LR: 1.85e-05, Cumulated time: 75.81409802039464m 
Epoch:2-1400/2500, Train cle Loss: 0.0063043697737157345, LR: 1.84e-05, Cumulated time: 76.2386332154274m 
Epoch:2-1440/2500, Train cle Loss: 0.005784545559436083, LR: 1.84e-05, Cumulated time: 76.6633618235588m 
Epoch:2-1480/2500, Train cle Loss: 0.020140118896961212, LR: 1.84e-05, Cumulated time: 77.08797354300818m 
Epoch:2-1520/2500, Train cle Loss: 0.05202154815196991, LR: 1.84e-05, Cumulated time: 77.53661376237869m 
Epoch:2-1560/2500, Train cle Loss: 0.01628733053803444, LR: 1.83e-05, Cumulated time: 77.96109414895376m 
Epoch:2-1600/2500, Train cle Loss: 0.06777732074260712, LR: 1.83e-05, Cumulated time: 78.38584718704223m 
Epoch:2-1640/2500, Train cle Loss: 0.03555247187614441, LR: 1.83e-05, Cumulated time: 78.81051451762518m 
Epoch:2-1680/2500, Train cle Loss: 0.01084852498024702, LR: 1.83e-05, Cumulated time: 79.23504615624746m 
Epoch:2-1720/2500, Train cle Loss: 0.07297321408987045, LR: 1.82e-05, Cumulated time: 79.65982686281204m 
Epoch:2-1760/2500, Train cle Loss: 0.009298060089349747, LR: 1.82e-05, Cumulated time: 80.10835624138514m 
Epoch:2-1800/2500, Train cle Loss: 0.013866336084902287, LR: 1.82e-05, Cumulated time: 80.532950313886m 
Epoch:2-1840/2500, Train cle Loss: 0.11738753318786621, LR: 1.82e-05, Cumulated time: 80.95763955116271m 
Epoch:2-1880/2500, Train cle Loss: 0.07989847660064697, LR: 1.81e-05, Cumulated time: 81.38211990594864m 
Epoch:2-1920/2500, Train cle Loss: 0.04622408002614975, LR: 1.81e-05, Cumulated time: 81.80685940583547m 
Epoch:2-1960/2500, Train cle Loss: 0.007296607363969088, LR: 1.81e-05, Cumulated time: 82.23195164601007m 
Epoch:2-2000/2500, Train cle Loss: 0.053952403366565704, LR: 1.81e-05, Cumulated time: 82.67705209652583m 
Epoch:2-2040/2500, Train cle Loss: 0.007770524825900793, LR: 1.80e-05, Cumulated time: 83.10201310316721m 
Epoch:2-2080/2500, Train cle Loss: 0.04126211255788803, LR: 1.80e-05, Cumulated time: 83.52582218647004m 
Epoch:2-2120/2500, Train cle Loss: 0.06504353880882263, LR: 1.80e-05, Cumulated time: 83.95054879188538m 
Epoch:2-2160/2500, Train cle Loss: 0.004091606941074133, LR: 1.80e-05, Cumulated time: 84.37401983340581m 
Epoch:2-2200/2500, Train cle Loss: 0.08592413365840912, LR: 1.80e-05, Cumulated time: 84.7988378683726m 
Epoch:2-2240/2500, Train cle Loss: 0.0065724607557058334, LR: 1.79e-05, Cumulated time: 85.22373850345612m 
Epoch:2-2280/2500, Train cle Loss: 0.0105719193816185, LR: 1.79e-05, Cumulated time: 85.67190686464309m 
Epoch:2-2320/2500, Train cle Loss: 0.07597937434911728, LR: 1.79e-05, Cumulated time: 86.0968789935112m 
Epoch:2-2360/2500, Train cle Loss: 0.048242390155792236, LR: 1.79e-05, Cumulated time: 86.52162081400553m 
Epoch:2-2400/2500, Train cle Loss: 0.006400490179657936, LR: 1.78e-05, Cumulated time: 86.94352006912231m 
Epoch:2-2440/2500, Train cle Loss: 0.012748993001878262, LR: 1.78e-05, Cumulated time: 87.36822950045267m 
Epoch:2-2480/2500, Train cle Loss: 0.06110471859574318, LR: 1.78e-05, Cumulated time: 87.78921275138855m 
--------------------------------------------------------------
Report:
              precision    recall  f1-score   support

           0     0.9966    0.9578    0.9768      4883
           1     0.3290    0.8632    0.4764       117

    accuracy                         0.9556      5000
   macro avg     0.6628    0.9105    0.7266      5000
weighted avg     0.9810    0.9556    0.9651      5000

Epoch : 2, F1(pos): 47.642, F1(weighted): 96.511, Pre: 98.097, Rec: 95.560, Acc : 95.560 on Valid_set, Spend:1.322 minutes for evaluation
--------------------------------------------------------------
Report:
              precision    recall  f1-score   support

           0     0.9900    0.8825    0.9332      9471
           1     0.2856    0.8412    0.4264       529

    accuracy                         0.8803     10000
   macro avg     0.6378    0.8618    0.6798     10000
weighted avg     0.9528    0.8803    0.9064     10000

Epoch : 2, F1(pos): 42.645, F1(weighted): 90.637, Pre: 95.279, Rec: 88.030, Acc : 88.030 on Test_set, Spend:2.601 minutes for evaluation
--------------------------------------------------------------
Epoch:2 completed, Total Train Loss:93.13768820720725, Valid Loss:193.3314596414566, Spend 91.93895714680353m 
New best model saved at epoch 2 with F1(pos): 0.4764 (F1(weighted): 0.9651), Recall: 0.9810, Precision: 0.9556
Epoch:3-0/2500, Train cle Loss: 0.00661766342818737, LR: 1.78e-05, Cumulated time: 91.98345130681992m 
Epoch:3-40/2500, Train cle Loss: 0.008857708424329758, LR: 1.78e-05, Cumulated time: 92.40947826703389m 
Epoch:3-80/2500, Train cle Loss: 0.12572160363197327, LR: 1.77e-05, Cumulated time: 92.83457345167795m 
Epoch:3-120/2500, Train cle Loss: 0.08536025881767273, LR: 1.77e-05, Cumulated time: 93.25950173934301m 
Epoch:3-160/2500, Train cle Loss: 0.004672195762395859, LR: 1.77e-05, Cumulated time: 93.6843123237292m 
Epoch:3-200/2500, Train cle Loss: 0.01175584364682436, LR: 1.77e-05, Cumulated time: 94.10550047159195m 
Epoch:3-240/2500, Train cle Loss: 0.011916841380298138, LR: 1.76e-05, Cumulated time: 94.52327953179677m 
Epoch:3-280/2500, Train cle Loss: 0.07262954115867615, LR: 1.76e-05, Cumulated time: 94.97197059790294m 
Epoch:3-320/2500, Train cle Loss: 0.05169891566038132, LR: 1.76e-05, Cumulated time: 95.3934388836225m 
Epoch:3-360/2500, Train cle Loss: 0.005462098866701126, LR: 1.76e-05, Cumulated time: 95.81793005863825m 
Epoch:3-400/2500, Train cle Loss: 0.00889789592474699, LR: 1.75e-05, Cumulated time: 96.24250220855077m 
Epoch:3-440/2500, Train cle Loss: 0.005798619706183672, LR: 1.75e-05, Cumulated time: 96.66377513011297m 
Epoch:3-480/2500, Train cle Loss: 0.01133895106613636, LR: 1.75e-05, Cumulated time: 97.08480780919393m 
Epoch:3-520/2500, Train cle Loss: 0.05009530484676361, LR: 1.75e-05, Cumulated time: 97.533795551459m 
Epoch:3-560/2500, Train cle Loss: 0.035190146416425705, LR: 1.74e-05, Cumulated time: 97.9588111281395m 
Epoch:3-600/2500, Train cle Loss: 0.004514015279710293, LR: 1.74e-05, Cumulated time: 98.37914853890737m 
Epoch:3-640/2500, Train cle Loss: 0.056910619139671326, LR: 1.74e-05, Cumulated time: 98.80366520881653m 
Epoch:3-680/2500, Train cle Loss: 0.0033382440451532602, LR: 1.74e-05, Cumulated time: 99.22725148995717m 
Epoch:3-720/2500, Train cle Loss: 0.03944931551814079, LR: 1.74e-05, Cumulated time: 99.65192012786865m 
Epoch:3-760/2500, Train cle Loss: 0.005217120982706547, LR: 1.73e-05, Cumulated time: 100.10134446620941m 
Epoch:3-800/2500, Train cle Loss: 0.004706143401563168, LR: 1.73e-05, Cumulated time: 100.52601204713186m 
Epoch:3-840/2500, Train cle Loss: 0.005559137091040611, LR: 1.73e-05, Cumulated time: 100.94730109771093m 
Epoch:3-880/2500, Train cle Loss: 0.1027269959449768, LR: 1.73e-05, Cumulated time: 101.36897854804992m 
Epoch:3-920/2500, Train cle Loss: 0.010349331423640251, LR: 1.72e-05, Cumulated time: 101.79372133016587m 
Epoch:3-960/2500, Train cle Loss: 0.034841760993003845, LR: 1.72e-05, Cumulated time: 102.21851949294408m 
Epoch:3-1000/2500, Train cle Loss: 0.007589993067085743, LR: 1.72e-05, Cumulated time: 102.6673750201861m 
Epoch:3-1040/2500, Train cle Loss: 0.006272201891988516, LR: 1.72e-05, Cumulated time: 103.09218682448069m 
Epoch:3-1080/2500, Train cle Loss: 0.05670272558927536, LR: 1.71e-05, Cumulated time: 103.51688379049301m 
Epoch:3-1120/2500, Train cle Loss: 0.024573497474193573, LR: 1.71e-05, Cumulated time: 103.93705515464147m 
Epoch:3-1160/2500, Train cle Loss: 0.009887870401144028, LR: 1.71e-05, Cumulated time: 104.36175562143326m 
Epoch:3-1200/2500, Train cle Loss: 0.10700233280658722, LR: 1.71e-05, Cumulated time: 104.78639723062516m 
Epoch:3-1240/2500, Train cle Loss: 0.009038724936544895, LR: 1.70e-05, Cumulated time: 105.20321235259374m 
Epoch:3-1280/2500, Train cle Loss: 0.017614249140024185, LR: 1.70e-05, Cumulated time: 105.64901328881582m 
Epoch:3-1320/2500, Train cle Loss: 0.04342098534107208, LR: 1.70e-05, Cumulated time: 106.07373394966126m 
Epoch:3-1360/2500, Train cle Loss: 0.04749276116490364, LR: 1.70e-05, Cumulated time: 106.4954236706098m 
Epoch:3-1400/2500, Train cle Loss: 0.008759049698710442, LR: 1.69e-05, Cumulated time: 106.9201476017634m 
Epoch:3-1440/2500, Train cle Loss: 0.024939466267824173, LR: 1.69e-05, Cumulated time: 107.34142319758733m 
Epoch:3-1480/2500, Train cle Loss: 0.009662098251283169, LR: 1.69e-05, Cumulated time: 107.76627276341121m 
Epoch:3-1520/2500, Train cle Loss: 0.004496403969824314, LR: 1.69e-05, Cumulated time: 108.21525412400564m 
Epoch:3-1560/2500, Train cle Loss: 0.07068260759115219, LR: 1.69e-05, Cumulated time: 108.6400653998057m 
Epoch:3-1600/2500, Train cle Loss: 0.0501539371907711, LR: 1.68e-05, Cumulated time: 109.06127772331237m 
Epoch:3-1640/2500, Train cle Loss: 0.007097117602825165, LR: 1.68e-05, Cumulated time: 109.48592307964961m 
Epoch:3-1680/2500, Train cle Loss: 0.006587047129869461, LR: 1.68e-05, Cumulated time: 109.90735836029053m 
Epoch:3-1720/2500, Train cle Loss: 0.008883947506546974, LR: 1.68e-05, Cumulated time: 110.33216389417649m 
Epoch:3-1760/2500, Train cle Loss: 0.008446936495602131, LR: 1.67e-05, Cumulated time: 110.78074655532836m 
Epoch:3-1800/2500, Train cle Loss: 0.08040842413902283, LR: 1.67e-05, Cumulated time: 111.20565818548202m 
Epoch:3-1840/2500, Train cle Loss: 0.008957251906394958, LR: 1.67e-05, Cumulated time: 111.63054604132971m 
Epoch:3-1880/2500, Train cle Loss: 0.10073671489953995, LR: 1.67e-05, Cumulated time: 112.0553120414416m 
Epoch:3-1920/2500, Train cle Loss: 0.018784400075674057, LR: 1.66e-05, Cumulated time: 112.48015846411387m 
Epoch:3-1960/2500, Train cle Loss: 0.04713543504476547, LR: 1.66e-05, Cumulated time: 112.90497640768687m 
Epoch:3-2000/2500, Train cle Loss: 0.010839220136404037, LR: 1.66e-05, Cumulated time: 113.35248097578685m 
Epoch:3-2040/2500, Train cle Loss: 0.004015729296952486, LR: 1.66e-05, Cumulated time: 113.77756252686183m 
Epoch:3-2080/2500, Train cle Loss: 0.00292946002446115, LR: 1.65e-05, Cumulated time: 114.2024943113327m 
Epoch:3-2120/2500, Train cle Loss: 0.06198562681674957, LR: 1.65e-05, Cumulated time: 114.62765352725982m 
Epoch:3-2160/2500, Train cle Loss: 0.062322501093149185, LR: 1.65e-05, Cumulated time: 115.05041764179866m 
Epoch:3-2200/2500, Train cle Loss: 0.054666392505168915, LR: 1.65e-05, Cumulated time: 115.47548526922861m 
Epoch:3-2240/2500, Train cle Loss: 0.006231866776943207, LR: 1.64e-05, Cumulated time: 115.89786543448766m 
Epoch:3-2280/2500, Train cle Loss: 0.016062704846262932, LR: 1.64e-05, Cumulated time: 116.34154390494028m 
Epoch:3-2320/2500, Train cle Loss: 0.07192005962133408, LR: 1.64e-05, Cumulated time: 116.76396621863047m 
Epoch:3-2360/2500, Train cle Loss: 0.011912056244909763, LR: 1.64e-05, Cumulated time: 117.18835732936859m 
Epoch:3-2400/2500, Train cle Loss: 0.0035112970508635044, LR: 1.64e-05, Cumulated time: 117.6133892774582m 
Epoch:3-2440/2500, Train cle Loss: 0.0020613884553313255, LR: 1.63e-05, Cumulated time: 118.03822787602742m 
Epoch:3-2480/2500, Train cle Loss: 0.0020995454397052526, LR: 1.63e-05, Cumulated time: 118.46334102948506m 
--------------------------------------------------------------
Report:
              precision    recall  f1-score   support

           0     0.9962    0.9646    0.9801      4883
           1     0.3640    0.8462    0.5090       117

    accuracy                         0.9618      5000
   macro avg     0.6801    0.9054    0.7446      5000
weighted avg     0.9814    0.9618    0.9691      5000

Epoch : 3, F1(pos): 50.900, F1(weighted): 96.910, Pre: 98.140, Rec: 96.180, Acc : 96.180 on Valid_set, Spend:1.322 minutes for evaluation
--------------------------------------------------------------
Report:
              precision    recall  f1-score   support

           0     0.9902    0.9081    0.9474      9471
           1     0.3379    0.8393    0.4818       529

    accuracy                         0.9045     10000
   macro avg     0.6641    0.8737    0.7146     10000
weighted avg     0.9557    0.9045    0.9228     10000

Epoch : 3, F1(pos): 48.182, F1(weighted): 92.277, Pre: 95.571, Rec: 90.450, Acc : 90.450 on Test_set, Spend:2.602 minutes for evaluation
--------------------------------------------------------------
Epoch:3 completed, Total Train Loss:75.02449659723788, Valid Loss:165.21792885661125, Spend 122.60977374315262m 
New best model saved at epoch 3 with F1(pos): 0.5090 (F1(weighted): 0.9691), Recall: 0.9814, Precision: 0.9618
Epoch:4-0/2500, Train cle Loss: 0.0024068935308605433, LR: 1.63e-05, Cumulated time: 122.65432821909586m 
Epoch:4-40/2500, Train cle Loss: 0.004676466807723045, LR: 1.63e-05, Cumulated time: 123.07995119492213m 
Epoch:4-80/2500, Train cle Loss: 0.007985549047589302, LR: 1.62e-05, Cumulated time: 123.50388495922088m 
Epoch:4-120/2500, Train cle Loss: 0.006000385619699955, LR: 1.62e-05, Cumulated time: 123.92439498901368m 
Epoch:4-160/2500, Train cle Loss: 0.007159905042499304, LR: 1.62e-05, Cumulated time: 124.34948160648347m 
Epoch:4-200/2500, Train cle Loss: 0.05247662216424942, LR: 1.62e-05, Cumulated time: 124.774486998717m 
Epoch:4-240/2500, Train cle Loss: 0.005433971527963877, LR: 1.62e-05, Cumulated time: 125.19962000846863m 
Epoch:4-280/2500, Train cle Loss: 0.0033518257550895214, LR: 1.61e-05, Cumulated time: 125.64845843315125m 
Epoch:4-320/2500, Train cle Loss: 0.006293659098446369, LR: 1.61e-05, Cumulated time: 126.0720831712087m 
Epoch:4-360/2500, Train cle Loss: 0.009610820561647415, LR: 1.61e-05, Cumulated time: 126.49420333305994m 
Epoch:4-400/2500, Train cle Loss: 0.11521264165639877, LR: 1.61e-05, Cumulated time: 126.9190934141477m 
Epoch:4-440/2500, Train cle Loss: 0.004775486886501312, LR: 1.60e-05, Cumulated time: 127.3440623641014m 
Epoch:4-480/2500, Train cle Loss: 0.04331333935260773, LR: 1.60e-05, Cumulated time: 127.76742657820384m 
Epoch:4-520/2500, Train cle Loss: 0.0761260911822319, LR: 1.60e-05, Cumulated time: 128.21650360425312m 
Epoch:4-560/2500, Train cle Loss: 0.010608975775539875, LR: 1.60e-05, Cumulated time: 128.64123090902964m 
Epoch:4-600/2500, Train cle Loss: 0.07504771649837494, LR: 1.59e-05, Cumulated time: 129.0663290421168m 
Epoch:4-640/2500, Train cle Loss: 0.17757068574428558, LR: 1.59e-05, Cumulated time: 129.4860123793284m 
Epoch:4-680/2500, Train cle Loss: 0.0059767961502075195, LR: 1.59e-05, Cumulated time: 129.9110239426295m 
Epoch:4-720/2500, Train cle Loss: 0.001174792181700468, LR: 1.59e-05, Cumulated time: 130.3347145875295m 
Epoch:4-760/2500, Train cle Loss: 0.0713905617594719, LR: 1.58e-05, Cumulated time: 130.7822923262914m 
Epoch:4-800/2500, Train cle Loss: 0.003876163624227047, LR: 1.58e-05, Cumulated time: 131.20725903113683m 
Epoch:4-840/2500, Train cle Loss: 0.016075190156698227, LR: 1.58e-05, Cumulated time: 131.6309944152832m 
Epoch:4-880/2500, Train cle Loss: 0.004289585631340742, LR: 1.58e-05, Cumulated time: 132.05544080734253m 
Epoch:4-920/2500, Train cle Loss: 0.004582476802170277, LR: 1.58e-05, Cumulated time: 132.47897678613663m 
Epoch:4-960/2500, Train cle Loss: 0.051619961857795715, LR: 1.57e-05, Cumulated time: 132.90406516393026m 
Epoch:4-1000/2500, Train cle Loss: 0.003605034202337265, LR: 1.57e-05, Cumulated time: 133.34961074590683m 
Epoch:4-1040/2500, Train cle Loss: 0.008647884242236614, LR: 1.57e-05, Cumulated time: 133.77323469718297m 
Epoch:4-1080/2500, Train cle Loss: 0.004117557313293219, LR: 1.57e-05, Cumulated time: 134.19816709359486m 
Epoch:4-1120/2500, Train cle Loss: 0.003491451498121023, LR: 1.56e-05, Cumulated time: 134.62295967737833m 
Epoch:4-1160/2500, Train cle Loss: 0.05475824326276779, LR: 1.56e-05, Cumulated time: 135.04491555293401m 
Epoch:4-1200/2500, Train cle Loss: 0.09095059335231781, LR: 1.56e-05, Cumulated time: 135.4699270049731m 
Epoch:4-1240/2500, Train cle Loss: 0.00508818170055747, LR: 1.56e-05, Cumulated time: 135.89334909121195m 
Epoch:4-1280/2500, Train cle Loss: 0.004131300374865532, LR: 1.55e-05, Cumulated time: 136.3431687394778m 
Epoch:4-1320/2500, Train cle Loss: 0.005215756595134735, LR: 1.55e-05, Cumulated time: 136.76820282141367m 
Epoch:4-1360/2500, Train cle Loss: 0.0021061350125819445, LR: 1.55e-05, Cumulated time: 137.1930807908376m 
Epoch:4-1400/2500, Train cle Loss: 0.006125728599727154, LR: 1.55e-05, Cumulated time: 137.61821616888045m 
Epoch:4-1440/2500, Train cle Loss: 0.09181773662567139, LR: 1.54e-05, Cumulated time: 138.04323164224624m 
Epoch:4-1480/2500, Train cle Loss: 0.005791575647890568, LR: 1.54e-05, Cumulated time: 138.4681197841962m 
Epoch:4-1520/2500, Train cle Loss: 0.0983603373169899, LR: 1.54e-05, Cumulated time: 138.91810113191605m 
Epoch:4-1560/2500, Train cle Loss: 0.0032022714149206877, LR: 1.54e-05, Cumulated time: 139.3430703163147m 
Epoch:4-1600/2500, Train cle Loss: 0.007455708459019661, LR: 1.53e-05, Cumulated time: 139.76828049023945m 
Epoch:4-1640/2500, Train cle Loss: 0.004872419871389866, LR: 1.53e-05, Cumulated time: 140.1918636441231m 
Epoch:4-1680/2500, Train cle Loss: 0.002504251431673765, LR: 1.53e-05, Cumulated time: 140.61691064834594m 
Epoch:4-1720/2500, Train cle Loss: 0.003927337005734444, LR: 1.53e-05, Cumulated time: 141.0419697682063m 
Epoch:4-1760/2500, Train cle Loss: 0.0062651014886796474, LR: 1.53e-05, Cumulated time: 141.49155988295874m 
Epoch:4-1800/2500, Train cle Loss: 0.0051105027087032795, LR: 1.52e-05, Cumulated time: 141.91116629441578m 
Epoch:4-1840/2500, Train cle Loss: 0.16759389638900757, LR: 1.52e-05, Cumulated time: 142.33074972629547m 
Epoch:4-1880/2500, Train cle Loss: 0.0034385519102215767, LR: 1.52e-05, Cumulated time: 142.755664285024m 
Epoch:4-1920/2500, Train cle Loss: 0.0023084785789251328, LR: 1.52e-05, Cumulated time: 143.1807202935219m 
Epoch:4-1960/2500, Train cle Loss: 0.010061216540634632, LR: 1.51e-05, Cumulated time: 143.6057902097702m 
Epoch:4-2000/2500, Train cle Loss: 0.0014578714035451412, LR: 1.51e-05, Cumulated time: 144.05535033941268m 
Epoch:4-2040/2500, Train cle Loss: 0.0017603168962523341, LR: 1.51e-05, Cumulated time: 144.47936884562174m 
Epoch:4-2080/2500, Train cle Loss: 0.002209651982411742, LR: 1.51e-05, Cumulated time: 144.9045382420222m 
Epoch:4-2120/2500, Train cle Loss: 0.0031929390970617533, LR: 1.50e-05, Cumulated time: 145.31676555871962m 
Epoch:4-2160/2500, Train cle Loss: 0.06199450045824051, LR: 1.50e-05, Cumulated time: 145.7363987604777m 
Epoch:4-2200/2500, Train cle Loss: 0.004393450915813446, LR: 1.50e-05, Cumulated time: 146.16154094934464m 
Epoch:4-2240/2500, Train cle Loss: 0.003472674638032913, LR: 1.50e-05, Cumulated time: 146.58547379573187m 
Epoch:4-2280/2500, Train cle Loss: 0.003688029944896698, LR: 1.49e-05, Cumulated time: 147.03456077973047m 
Epoch:4-2320/2500, Train cle Loss: 0.0021745371632277966, LR: 1.49e-05, Cumulated time: 147.45954823493958m 
Epoch:4-2360/2500, Train cle Loss: 0.004068608861416578, LR: 1.49e-05, Cumulated time: 147.8845738331477m 
Epoch:4-2400/2500, Train cle Loss: 0.014437122270464897, LR: 1.49e-05, Cumulated time: 148.30961825450262m 
Epoch:4-2440/2500, Train cle Loss: 0.0013606968568637967, LR: 1.48e-05, Cumulated time: 148.7349505464236m 
Epoch:4-2480/2500, Train cle Loss: 0.0017352609429508448, LR: 1.48e-05, Cumulated time: 149.15972448587416m 
--------------------------------------------------------------
Report:
              precision    recall  f1-score   support

           0     0.9960    0.9764    0.9861      4883
           1     0.4601    0.8376    0.5939       117

    accuracy                         0.9732      5000
   macro avg     0.7281    0.9070    0.7900      5000
weighted avg     0.9835    0.9732    0.9770      5000

Epoch : 4, F1(pos): 59.394, F1(weighted): 97.697, Pre: 98.349, Rec: 97.320, Acc : 97.320 on Valid_set, Spend:1.322 minutes for evaluation
--------------------------------------------------------------
Report:
              precision    recall  f1-score   support

           0     0.9887    0.9279    0.9574      9471
           1     0.3858    0.8110    0.5229       529

    accuracy                         0.9217     10000
   macro avg     0.6873    0.8694    0.7401     10000
weighted avg     0.9569    0.9217    0.9344     10000

Epoch : 4, F1(pos): 52.285, F1(weighted): 93.437, Pre: 95.685, Rec: 92.170, Acc : 92.170 on Test_set, Spend:2.601 minutes for evaluation
--------------------------------------------------------------
Epoch:4 completed, Total Train Loss:52.306656788568944, Valid Loss:128.81882409006357, Spend 153.30881710449856m 
New best model saved at epoch 4 with F1(pos): 0.5939 (F1(weighted): 0.9770), Recall: 0.9835, Precision: 0.9732
Epoch:5-0/2500, Train cle Loss: 0.0019874123390764, LR: 1.48e-05, Cumulated time: 153.35491498708726m 
Epoch:5-40/2500, Train cle Loss: 0.08493468165397644, LR: 1.48e-05, Cumulated time: 153.78072845141094m 
Epoch:5-80/2500, Train cle Loss: 0.0023479023948311806, LR: 1.48e-05, Cumulated time: 154.20299345254898m 
Epoch:5-120/2500, Train cle Loss: 0.002882816595956683, LR: 1.47e-05, Cumulated time: 154.62684056361516m 
Epoch:5-160/2500, Train cle Loss: 0.001530116773210466, LR: 1.47e-05, Cumulated time: 155.04657811721165m 
Epoch:5-200/2500, Train cle Loss: 0.001736928359605372, LR: 1.47e-05, Cumulated time: 155.46998421748478m 
Epoch:5-240/2500, Train cle Loss: 0.004120560362935066, LR: 1.47e-05, Cumulated time: 155.89484230279922m 
Epoch:5-280/2500, Train cle Loss: 0.0014644474722445011, LR: 1.46e-05, Cumulated time: 156.33582121928532m 
Epoch:5-320/2500, Train cle Loss: 0.0024563786573708057, LR: 1.46e-05, Cumulated time: 156.7553257147471m 
Epoch:5-360/2500, Train cle Loss: 0.003908881917595863, LR: 1.46e-05, Cumulated time: 157.17493142684302m 
Epoch:5-400/2500, Train cle Loss: 0.005824779160320759, LR: 1.46e-05, Cumulated time: 157.60019491116205m 
Epoch:5-440/2500, Train cle Loss: 0.006294231861829758, LR: 1.46e-05, Cumulated time: 158.0236225326856m 
Epoch:5-480/2500, Train cle Loss: 0.0022285061422735453, LR: 1.45e-05, Cumulated time: 158.4486433704694m 
Epoch:5-520/2500, Train cle Loss: 0.08270616829395294, LR: 1.45e-05, Cumulated time: 158.8979685664177m 
Epoch:5-560/2500, Train cle Loss: 0.004019059240818024, LR: 1.45e-05, Cumulated time: 159.319690489769m 
Epoch:5-600/2500, Train cle Loss: 0.02828897535800934, LR: 1.45e-05, Cumulated time: 159.74338096380234m 
Epoch:5-640/2500, Train cle Loss: 0.00312316557392478, LR: 1.44e-05, Cumulated time: 160.1655964811643m 
Epoch:5-680/2500, Train cle Loss: 0.0013139034854248166, LR: 1.44e-05, Cumulated time: 160.59092794656755m 
Epoch:5-720/2500, Train cle Loss: 0.006208609323948622, LR: 1.44e-05, Cumulated time: 161.01271435817083m 
Epoch:5-760/2500, Train cle Loss: 0.023869670927524567, LR: 1.44e-05, Cumulated time: 161.4627031326294m 
Epoch:5-800/2500, Train cle Loss: 0.0022949809208512306, LR: 1.43e-05, Cumulated time: 161.88786135911943m 
Epoch:5-840/2500, Train cle Loss: 0.07690754532814026, LR: 1.43e-05, Cumulated time: 162.30771220525105m 
Epoch:5-880/2500, Train cle Loss: 0.00584082305431366, LR: 1.43e-05, Cumulated time: 162.72965145508448m 
Epoch:5-920/2500, Train cle Loss: 0.002797424327582121, LR: 1.43e-05, Cumulated time: 163.15468899408975m 
Epoch:5-960/2500, Train cle Loss: 0.002201356925070286, LR: 1.42e-05, Cumulated time: 163.57973313331604m 
Epoch:5-1000/2500, Train cle Loss: 0.06748997420072556, LR: 1.42e-05, Cumulated time: 164.02957197825114m 
Epoch:5-1040/2500, Train cle Loss: 0.0019564630929380655, LR: 1.42e-05, Cumulated time: 164.4532705227534m 
Epoch:5-1080/2500, Train cle Loss: 0.002897619502618909, LR: 1.42e-05, Cumulated time: 164.87829813957214m 
Epoch:5-1120/2500, Train cle Loss: 0.00359319313429296, LR: 1.42e-05, Cumulated time: 165.30335493087767m 
Epoch:5-1160/2500, Train cle Loss: 0.08162092417478561, LR: 1.41e-05, Cumulated time: 165.72831217447916m 
Epoch:5-1200/2500, Train cle Loss: 0.00478128157556057, LR: 1.41e-05, Cumulated time: 166.153260687987m 
Epoch:5-1240/2500, Train cle Loss: 0.002084490144625306, LR: 1.41e-05, Cumulated time: 166.57527187665303m 
Epoch:5-1280/2500, Train cle Loss: 0.0017252189572900534, LR: 1.41e-05, Cumulated time: 167.0260906457901m 
Epoch:5-1320/2500, Train cle Loss: 0.09045659750699997, LR: 1.40e-05, Cumulated time: 167.4510644555092m 
Epoch:5-1360/2500, Train cle Loss: 0.0033160834573209286, LR: 1.40e-05, Cumulated time: 167.8747384508451m 
Epoch:5-1400/2500, Train cle Loss: 0.002124532125890255, LR: 1.40e-05, Cumulated time: 168.29978590806326m 
Epoch:5-1440/2500, Train cle Loss: 0.0021234294399619102, LR: 1.40e-05, Cumulated time: 168.72130132516224m 
Epoch:5-1480/2500, Train cle Loss: 0.004714865703135729, LR: 1.39e-05, Cumulated time: 169.14657935301463m 
Epoch:5-1520/2500, Train cle Loss: 0.05338608846068382, LR: 1.39e-05, Cumulated time: 169.59653395414352m 
Epoch:5-1560/2500, Train cle Loss: 0.002520157489925623, LR: 1.39e-05, Cumulated time: 170.01869438886644m 
Epoch:5-1600/2500, Train cle Loss: 0.001886384328827262, LR: 1.39e-05, Cumulated time: 170.4425115744273m 
Epoch:5-1640/2500, Train cle Loss: 0.002559722401201725, LR: 1.38e-05, Cumulated time: 170.86761837005616m 
Epoch:5-1680/2500, Train cle Loss: 0.004895247519016266, LR: 1.38e-05, Cumulated time: 171.29286125103633m 
Epoch:5-1720/2500, Train cle Loss: 0.0020911030005663633, LR: 1.38e-05, Cumulated time: 171.71800268491108m 
Epoch:5-1760/2500, Train cle Loss: 0.002567427232861519, LR: 1.38e-05, Cumulated time: 172.16779055992762m 
Epoch:5-1800/2500, Train cle Loss: 0.06745938211679459, LR: 1.37e-05, Cumulated time: 172.59315426747006m 
Epoch:5-1840/2500, Train cle Loss: 0.0023003052920103073, LR: 1.37e-05, Cumulated time: 173.01119469404222m 
Epoch:5-1880/2500, Train cle Loss: 0.0390593484044075, LR: 1.37e-05, Cumulated time: 173.4361722588539m 
Epoch:5-1920/2500, Train cle Loss: 0.0029055834747850895, LR: 1.37e-05, Cumulated time: 173.86142506202063m 
Epoch:5-1960/2500, Train cle Loss: 0.0018554087728261948, LR: 1.37e-05, Cumulated time: 174.2866065541903m 
Epoch:5-2000/2500, Train cle Loss: 0.0022534786257892847, LR: 1.36e-05, Cumulated time: 174.73671380281448m 
Epoch:5-2040/2500, Train cle Loss: 0.003332552034407854, LR: 1.36e-05, Cumulated time: 175.1618700861931m 
Epoch:5-2080/2500, Train cle Loss: 0.0028643589466810226, LR: 1.36e-05, Cumulated time: 175.5868115623792m 
Epoch:5-2120/2500, Train cle Loss: 0.0014779147459194064, LR: 1.36e-05, Cumulated time: 176.00660159190497m 
Epoch:5-2160/2500, Train cle Loss: 0.014882126823067665, LR: 1.35e-05, Cumulated time: 176.42719595829647m 
Epoch:5-2200/2500, Train cle Loss: 0.13068853318691254, LR: 1.35e-05, Cumulated time: 176.85228565533956m 
Epoch:5-2240/2500, Train cle Loss: 0.0031367868650704622, LR: 1.35e-05, Cumulated time: 177.2767479300499m 
Epoch:5-2280/2500, Train cle Loss: 0.0025125183165073395, LR: 1.35e-05, Cumulated time: 177.7199061512947m 
Epoch:5-2320/2500, Train cle Loss: 0.05323952063918114, LR: 1.34e-05, Cumulated time: 178.14344476064045m 
Epoch:5-2360/2500, Train cle Loss: 0.0037437593564391136, LR: 1.34e-05, Cumulated time: 178.56722801526388m 
Epoch:5-2400/2500, Train cle Loss: 0.002249344252049923, LR: 1.34e-05, Cumulated time: 178.99246253569922m 
Epoch:5-2440/2500, Train cle Loss: 0.00258625578135252, LR: 1.34e-05, Cumulated time: 179.41749139626822m 
Epoch:5-2480/2500, Train cle Loss: 0.0016714994562789798, LR: 1.33e-05, Cumulated time: 179.84255693356195m 
--------------------------------------------------------------
Report:
              precision    recall  f1-score   support

           0     0.9934    0.9875    0.9904      4883
           1     0.5822    0.7265    0.6464       117

    accuracy                         0.9814      5000
   macro avg     0.7878    0.8570    0.8184      5000
weighted avg     0.9838    0.9814    0.9824      5000

Epoch : 5, F1(pos): 64.639, F1(weighted): 98.240, Pre: 98.379, Rec: 98.140, Acc : 98.140 on Valid_set, Spend:1.321 minutes for evaluation
--------------------------------------------------------------
Report:
              precision    recall  f1-score   support

           0     0.9831    0.9627    0.9728      9471
           1     0.5131    0.7032    0.5933       529

    accuracy                         0.9490     10000
   macro avg     0.7481    0.8330    0.7830     10000
weighted avg     0.9582    0.9490    0.9527     10000

Epoch : 5, F1(pos): 59.330, F1(weighted): 95.272, Pre: 95.821, Rec: 94.900, Acc : 94.900 on Test_set, Spend:2.600 minutes for evaluation
--------------------------------------------------------------
Epoch:5 completed, Total Train Loss:36.35860826604767, Valid Loss:104.71761360764503, Spend 183.99129455884298m 
New best model saved at epoch 5 with F1(pos): 0.6464 (F1(weighted): 0.9824), Recall: 0.9838, Precision: 0.9814
Epoch:6-0/2500, Train cle Loss: 0.0013757592532783747, LR: 1.33e-05, Cumulated time: 184.03719696998596m 
Epoch:6-40/2500, Train cle Loss: 0.09779348224401474, LR: 1.33e-05, Cumulated time: 184.46302181482315m 
Epoch:6-80/2500, Train cle Loss: 0.0030354196205735207, LR: 1.33e-05, Cumulated time: 184.88833021322887m 
Epoch:6-120/2500, Train cle Loss: 0.0022215673234313726, LR: 1.33e-05, Cumulated time: 185.31363597710927m 
Epoch:6-160/2500, Train cle Loss: 0.0020408122800290585, LR: 1.32e-05, Cumulated time: 185.73870990276336m 
Epoch:6-200/2500, Train cle Loss: 0.0009048611391335726, LR: 1.32e-05, Cumulated time: 186.15836394230524m 
Epoch:6-240/2500, Train cle Loss: 0.0027642773929983377, LR: 1.32e-05, Cumulated time: 186.58328969081242m 
Epoch:6-280/2500, Train cle Loss: 0.0031101610511541367, LR: 1.32e-05, Cumulated time: 187.03133719364803m 
Epoch:6-320/2500, Train cle Loss: 0.0644269660115242, LR: 1.31e-05, Cumulated time: 187.45628791650137m 
Epoch:6-360/2500, Train cle Loss: 0.0028846091590821743, LR: 1.31e-05, Cumulated time: 187.87250088055927m 
Epoch:6-400/2500, Train cle Loss: 0.0031089582480490208, LR: 1.31e-05, Cumulated time: 188.2968473792076m 
Epoch:6-440/2500, Train cle Loss: 0.0025048386305570602, LR: 1.31e-05, Cumulated time: 188.7192017197609m 
Epoch:6-480/2500, Train cle Loss: 0.002728156978264451, LR: 1.30e-05, Cumulated time: 189.1442202091217m 
Epoch:6-520/2500, Train cle Loss: 0.007355407811701298, LR: 1.30e-05, Cumulated time: 189.5941837867101m 
Epoch:6-560/2500, Train cle Loss: 0.0030861878767609596, LR: 1.30e-05, Cumulated time: 190.01904942194622m 
Epoch:6-600/2500, Train cle Loss: 0.0020208279602229595, LR: 1.30e-05, Cumulated time: 190.44299964110056m 
Epoch:6-640/2500, Train cle Loss: 0.0024560135789215565, LR: 1.30e-05, Cumulated time: 190.86658386786777m 
Epoch:6-680/2500, Train cle Loss: 0.005782175809144974, LR: 1.29e-05, Cumulated time: 191.29177260398865m 
Epoch:6-720/2500, Train cle Loss: 0.0026539545506238937, LR: 1.29e-05, Cumulated time: 191.71153550545375m 
Epoch:6-760/2500, Train cle Loss: 0.0018143185880035162, LR: 1.29e-05, Cumulated time: 192.1616787870725m 
Epoch:6-800/2500, Train cle Loss: 0.0007173258345574141, LR: 1.29e-05, Cumulated time: 192.58689002195993m 
Epoch:6-840/2500, Train cle Loss: 0.00266946479678154, LR: 1.28e-05, Cumulated time: 193.0118165453275m 
Epoch:6-880/2500, Train cle Loss: 0.00397825613617897, LR: 1.28e-05, Cumulated time: 193.43684138854346m 
Epoch:6-920/2500, Train cle Loss: 0.06197468936443329, LR: 1.28e-05, Cumulated time: 193.85556358893712m 
Epoch:6-960/2500, Train cle Loss: 0.0014450304443016648, LR: 1.28e-05, Cumulated time: 194.28070696194968m 
Epoch:6-1000/2500, Train cle Loss: 0.0020142896100878716, LR: 1.27e-05, Cumulated time: 194.7256424665451m 
Epoch:6-1040/2500, Train cle Loss: 0.004574282560497522, LR: 1.27e-05, Cumulated time: 195.15096283356348m 
Epoch:6-1080/2500, Train cle Loss: 0.002098080702126026, LR: 1.27e-05, Cumulated time: 195.57245882749558m 
Epoch:6-1120/2500, Train cle Loss: 0.0030235061421990395, LR: 1.27e-05, Cumulated time: 195.99431639909744m 
Epoch:6-1160/2500, Train cle Loss: 0.0025980998761951923, LR: 1.26e-05, Cumulated time: 196.41968057552972m 
Epoch:6-1200/2500, Train cle Loss: 0.0029509994201362133, LR: 1.26e-05, Cumulated time: 196.84497855504353m 
Epoch:6-1240/2500, Train cle Loss: 0.001722843386232853, LR: 1.26e-05, Cumulated time: 197.26706814368566m 
Epoch:6-1280/2500, Train cle Loss: 0.0016113345045596361, LR: 1.26e-05, Cumulated time: 197.71711357831956m 
Epoch:6-1320/2500, Train cle Loss: 0.0019326237961649895, LR: 1.26e-05, Cumulated time: 198.14244062105814m 
Epoch:6-1360/2500, Train cle Loss: 0.003924709279090166, LR: 1.25e-05, Cumulated time: 198.55884588162104m 
Epoch:6-1400/2500, Train cle Loss: 0.0013989717699587345, LR: 1.25e-05, Cumulated time: 198.98406700690586m 
Epoch:6-1440/2500, Train cle Loss: 0.0011357105104252696, LR: 1.25e-05, Cumulated time: 199.4091886440913m 
Epoch:6-1480/2500, Train cle Loss: 0.002643135143443942, LR: 1.25e-05, Cumulated time: 199.83061219851177m 
Epoch:6-1520/2500, Train cle Loss: 0.0033461004495620728, LR: 1.24e-05, Cumulated time: 200.28012330532073m 
Epoch:6-1560/2500, Train cle Loss: 0.0026789072435349226, LR: 1.24e-05, Cumulated time: 200.70529318650563m 
Epoch:6-1600/2500, Train cle Loss: 0.003331756219267845, LR: 1.24e-05, Cumulated time: 201.13057475090028m 
Epoch:6-1640/2500, Train cle Loss: 0.07696638256311417, LR: 1.24e-05, Cumulated time: 201.55457688570021m 
Epoch:6-1680/2500, Train cle Loss: 0.003650607541203499, LR: 1.23e-05, Cumulated time: 201.97975652217866m 
Epoch:6-1720/2500, Train cle Loss: 0.0011449262965470552, LR: 1.23e-05, Cumulated time: 202.4036300500234m 
Epoch:6-1760/2500, Train cle Loss: 0.0020936846267431974, LR: 1.23e-05, Cumulated time: 202.85372194051743m 
Epoch:6-1800/2500, Train cle Loss: 0.0019216559594497085, LR: 1.23e-05, Cumulated time: 203.27882604201633m 
Epoch:6-1840/2500, Train cle Loss: 0.002075435593724251, LR: 1.22e-05, Cumulated time: 203.69749698638915m 
Epoch:6-1880/2500, Train cle Loss: 0.0026596030220389366, LR: 1.22e-05, Cumulated time: 204.12265982230505m 
Epoch:6-1920/2500, Train cle Loss: 0.0013350141234695911, LR: 1.22e-05, Cumulated time: 204.54794844786326m 
Epoch:6-1960/2500, Train cle Loss: 0.06378520280122757, LR: 1.22e-05, Cumulated time: 204.97331326405208m 
Epoch:6-2000/2500, Train cle Loss: 0.0013897924218326807, LR: 1.21e-05, Cumulated time: 205.42288868824642m 
Epoch:6-2040/2500, Train cle Loss: 0.0024200661573559046, LR: 1.21e-05, Cumulated time: 205.8479401667913m 
Epoch:6-2080/2500, Train cle Loss: 0.0013467955868691206, LR: 1.21e-05, Cumulated time: 206.27306503852208m 
Epoch:6-2120/2500, Train cle Loss: 0.02887759916484356, LR: 1.21e-05, Cumulated time: 206.69102549552917m 
Epoch:6-2160/2500, Train cle Loss: 0.0026596668176352978, LR: 1.21e-05, Cumulated time: 207.11592345237733m 
Epoch:6-2200/2500, Train cle Loss: 0.001484389416873455, LR: 1.20e-05, Cumulated time: 207.53581254084904m 
Epoch:6-2240/2500, Train cle Loss: 0.0005248989327810705, LR: 1.20e-05, Cumulated time: 207.96106312274932m 
Epoch:6-2280/2500, Train cle Loss: 0.000990923261269927, LR: 1.20e-05, Cumulated time: 208.4110908349355m 
Epoch:6-2320/2500, Train cle Loss: 0.0009769826428964734, LR: 1.20e-05, Cumulated time: 208.83274031480153m 
Epoch:6-2360/2500, Train cle Loss: 0.0017121403943747282, LR: 1.19e-05, Cumulated time: 209.24807299375533m 
Epoch:6-2400/2500, Train cle Loss: 0.00223282678052783, LR: 1.19e-05, Cumulated time: 209.67283039490383m 
Epoch:6-2440/2500, Train cle Loss: 0.0015562346670776606, LR: 1.19e-05, Cumulated time: 210.09671516418456m 
Epoch:6-2480/2500, Train cle Loss: 0.007683916483074427, LR: 1.19e-05, Cumulated time: 210.51843620936077m 
--------------------------------------------------------------
Report:
              precision    recall  f1-score   support

           0     0.9918    0.9906    0.9912      4883
           1     0.6260    0.6581    0.6417       117

    accuracy                         0.9828      5000
   macro avg     0.8089    0.8243    0.8164      5000
weighted avg     0.9832    0.9828    0.9830      5000

Epoch : 6, F1(pos): 64.167, F1(weighted): 98.301, Pre: 98.324, Rec: 98.280, Acc : 98.280 on Valid_set, Spend:1.321 minutes for evaluation
--------------------------------------------------------------
Report:
              precision    recall  f1-score   support

           0     0.9812    0.9692    0.9751      9471
           1     0.5473    0.6673    0.6014       529

    accuracy                         0.9532     10000
   macro avg     0.7642    0.8182    0.7883     10000
weighted avg     0.9582    0.9532    0.9554     10000

Epoch : 6, F1(pos): 60.136, F1(weighted): 95.537, Pre: 95.823, Rec: 95.320, Acc : 95.320 on Test_set, Spend:2.600 minutes for evaluation
--------------------------------------------------------------
Epoch:6 completed, Total Train Loss:33.62926446576603, Valid Loss:164.71889095008373, Spend 214.6658417503039m 
No improvement for 1/5 epoch(s).
Epoch:7-0/2500, Train cle Loss: 0.004464724101126194, LR: 1.19e-05, Cumulated time: 214.7030247290929m 
Epoch:7-40/2500, Train cle Loss: 0.002477457281202078, LR: 1.18e-05, Cumulated time: 215.12885622580845m 
Epoch:7-80/2500, Train cle Loss: 0.0012817304814234376, LR: 1.18e-05, Cumulated time: 215.55064936876298m 
Epoch:7-120/2500, Train cle Loss: 0.0015176329761743546, LR: 1.18e-05, Cumulated time: 215.97495901584625m 
Epoch:7-160/2500, Train cle Loss: 0.0011748524848371744, LR: 1.18e-05, Cumulated time: 216.40014624595642m 
Epoch:7-200/2500, Train cle Loss: 0.0012359920656308532, LR: 1.17e-05, Cumulated time: 216.82551698287327m 
Epoch:7-240/2500, Train cle Loss: 0.002006017602980137, LR: 1.17e-05, Cumulated time: 217.25064644416173m 
Epoch:7-280/2500, Train cle Loss: 0.001894407207146287, LR: 1.17e-05, Cumulated time: 217.70019408464432m 
Epoch:7-320/2500, Train cle Loss: 0.0020579856354743242, LR: 1.17e-05, Cumulated time: 218.12519142230352m 
Epoch:7-360/2500, Train cle Loss: 0.0040497975423932076, LR: 1.16e-05, Cumulated time: 218.55022569100063m 
Epoch:7-400/2500, Train cle Loss: 0.0015861646970734, LR: 1.16e-05, Cumulated time: 218.9750970284144m 
Epoch:7-440/2500, Train cle Loss: 0.04620501399040222, LR: 1.16e-05, Cumulated time: 219.4002726515134m 
Epoch:7-480/2500, Train cle Loss: 0.0010825491044670343, LR: 1.16e-05, Cumulated time: 219.82139244476954m 
Epoch:7-520/2500, Train cle Loss: 0.0011890684254467487, LR: 1.15e-05, Cumulated time: 220.27128514051438m 
Epoch:7-560/2500, Train cle Loss: 0.0007960421498864889, LR: 1.15e-05, Cumulated time: 220.69634594519934m 
Epoch:7-600/2500, Train cle Loss: 0.006054360885173082, LR: 1.15e-05, Cumulated time: 221.11754643122356m 
Epoch:7-640/2500, Train cle Loss: 0.0005735906306654215, LR: 1.15e-05, Cumulated time: 221.5426268617312m 
Epoch:7-680/2500, Train cle Loss: 0.0005186405614949763, LR: 1.14e-05, Cumulated time: 221.967347685496m 
Epoch:7-720/2500, Train cle Loss: 0.0010976324556395411, LR: 1.14e-05, Cumulated time: 222.3923676888148m 
Epoch:7-760/2500, Train cle Loss: 0.0012268833816051483, LR: 1.14e-05, Cumulated time: 222.84185017347335m 
Epoch:7-800/2500, Train cle Loss: 0.0022233726922422647, LR: 1.14e-05, Cumulated time: 223.26687563260396m 
Epoch:7-840/2500, Train cle Loss: 0.0015111812390387058, LR: 1.14e-05, Cumulated time: 223.69198501110077m 
Epoch:7-880/2500, Train cle Loss: 0.0010126590495929122, LR: 1.13e-05, Cumulated time: 224.11553020477294m 
Epoch:7-920/2500, Train cle Loss: 0.0007744039176031947, LR: 1.13e-05, Cumulated time: 224.54069320360819m 
Epoch:7-960/2500, Train cle Loss: 0.0017112308414652944, LR: 1.13e-05, Cumulated time: 224.96234792868296m 
Epoch:7-1000/2500, Train cle Loss: 0.002591731259599328, LR: 1.13e-05, Cumulated time: 225.41281403303145m 
Epoch:7-1040/2500, Train cle Loss: 0.0012105824425816536, LR: 1.12e-05, Cumulated time: 225.83505982160568m 
Epoch:7-1080/2500, Train cle Loss: 0.0011229838710278273, LR: 1.12e-05, Cumulated time: 226.26018731594087m 
Epoch:7-1120/2500, Train cle Loss: 0.0012679614592343569, LR: 1.12e-05, Cumulated time: 226.68010612726212m 
Epoch:7-1160/2500, Train cle Loss: 0.0016171155730262399, LR: 1.12e-05, Cumulated time: 227.09635862906774m 
Epoch:7-1200/2500, Train cle Loss: 0.0017789130797609687, LR: 1.11e-05, Cumulated time: 227.52181627353033m 
Epoch:7-1240/2500, Train cle Loss: 0.0032712260726839304, LR: 1.11e-05, Cumulated time: 227.9418774008751m 
Epoch:7-1280/2500, Train cle Loss: 0.0024405342992395163, LR: 1.11e-05, Cumulated time: 228.3917664527893m 
Epoch:7-1320/2500, Train cle Loss: 0.0018021235009655356, LR: 1.11e-05, Cumulated time: 228.81689500808716m 
Epoch:7-1360/2500, Train cle Loss: 0.0019096400355920196, LR: 1.10e-05, Cumulated time: 229.24191354910533m 
Epoch:7-1400/2500, Train cle Loss: 0.000891668489202857, LR: 1.10e-05, Cumulated time: 229.66699391206106m 
Epoch:7-1440/2500, Train cle Loss: 0.0012394373770803213, LR: 1.10e-05, Cumulated time: 230.0922598004341m 
Epoch:7-1480/2500, Train cle Loss: 0.0012158777099102736, LR: 1.10e-05, Cumulated time: 230.5085461258888m 
Epoch:7-1520/2500, Train cle Loss: 0.0006622274522669613, LR: 1.10e-05, Cumulated time: 230.9583228031794m 
Epoch:7-1560/2500, Train cle Loss: 0.0010114124743267894, LR: 1.09e-05, Cumulated time: 231.38339742422104m 
Epoch:7-1600/2500, Train cle Loss: 0.0011211307719349861, LR: 1.09e-05, Cumulated time: 231.80844981273015m 
Epoch:7-1640/2500, Train cle Loss: 0.001374523271806538, LR: 1.09e-05, Cumulated time: 232.2337989648183m 
Epoch:7-1680/2500, Train cle Loss: 0.0010219780961051583, LR: 1.09e-05, Cumulated time: 232.65369989077251m 
Epoch:7-1720/2500, Train cle Loss: 0.0009820074774324894, LR: 1.08e-05, Cumulated time: 233.07881801923116m 
Epoch:7-1760/2500, Train cle Loss: 0.0021964784245938063, LR: 1.08e-05, Cumulated time: 233.5289030154546m 
Epoch:7-1800/2500, Train cle Loss: 0.0017245757626369596, LR: 1.08e-05, Cumulated time: 233.95058153072992m 
Epoch:7-1840/2500, Train cle Loss: 0.08257599920034409, LR: 1.08e-05, Cumulated time: 234.37223044633865m 
Epoch:7-1880/2500, Train cle Loss: 0.00077530782436952, LR: 1.07e-05, Cumulated time: 234.7974361817042m 
Epoch:7-1920/2500, Train cle Loss: 0.0014426892157644033, LR: 1.07e-05, Cumulated time: 235.22220681905748m 
Epoch:7-1960/2500, Train cle Loss: 0.0005469326279126108, LR: 1.07e-05, Cumulated time: 235.64723397095997m 
Epoch:7-2000/2500, Train cle Loss: 0.0007067425176501274, LR: 1.07e-05, Cumulated time: 236.0971787850062m 
Epoch:7-2040/2500, Train cle Loss: 0.002251510275527835, LR: 1.06e-05, Cumulated time: 236.51895243326823m 
Epoch:7-2080/2500, Train cle Loss: 0.00424917321652174, LR: 1.06e-05, Cumulated time: 236.9440520366033m 
Epoch:7-2120/2500, Train cle Loss: 0.0014569442719221115, LR: 1.06e-05, Cumulated time: 237.36898797750473m 
Epoch:7-2160/2500, Train cle Loss: 0.001068690326064825, LR: 1.06e-05, Cumulated time: 237.78796141147615m 
Epoch:7-2200/2500, Train cle Loss: 0.002431696280837059, LR: 1.05e-05, Cumulated time: 238.20967200597127m 
Epoch:7-2240/2500, Train cle Loss: 0.0015955190174281597, LR: 1.05e-05, Cumulated time: 238.63481137752532m 
Epoch:7-2280/2500, Train cle Loss: 0.20081128180027008, LR: 1.05e-05, Cumulated time: 239.0852769056956m 
Epoch:7-2320/2500, Train cle Loss: 0.0010519127827137709, LR: 1.05e-05, Cumulated time: 239.51038787762323m 
Epoch:7-2360/2500, Train cle Loss: 0.0016076713800430298, LR: 1.05e-05, Cumulated time: 239.93552508354188m 
Epoch:7-2400/2500, Train cle Loss: 0.0014343666844069958, LR: 1.04e-05, Cumulated time: 240.3576067964236m 
Epoch:7-2440/2500, Train cle Loss: 0.0020200093276798725, LR: 1.04e-05, Cumulated time: 240.78261344432832m 
Epoch:7-2480/2500, Train cle Loss: 0.0014141136780381203, LR: 1.04e-05, Cumulated time: 241.20791856447855m 
--------------------------------------------------------------
Report:
              precision    recall  f1-score   support

           0     0.9938    0.9883    0.9911      4883
           1     0.6042    0.7436    0.6667       117

    accuracy                         0.9826      5000
   macro avg     0.7990    0.8660    0.8289      5000
weighted avg     0.9847    0.9826    0.9835      5000

Epoch : 7, F1(pos): 66.667, F1(weighted): 98.348, Pre: 98.470, Rec: 98.260, Acc : 98.260 on Valid_set, Spend:1.321 minutes for evaluation
--------------------------------------------------------------
Report:
              precision    recall  f1-score   support

           0     0.9832    0.9676    0.9753      9471
           1     0.5479    0.7032    0.6159       529

    accuracy                         0.9536     10000
   macro avg     0.7655    0.8354    0.7956     10000
weighted avg     0.9601    0.9536    0.9563     10000

Epoch : 7, F1(pos): 61.589, F1(weighted): 95.630, Pre: 96.013, Rec: 95.360, Acc : 95.360 on Test_set, Spend:2.600 minutes for evaluation
--------------------------------------------------------------
Epoch:7 completed, Total Train Loss:25.518803005666996, Valid Loss:118.68151554465294, Spend 245.3564196387927m 
New best model saved at epoch 7 with F1(pos): 0.6667 (F1(weighted): 0.9835), Recall: 0.9847, Precision: 0.9826
Epoch:8-0/2500, Train cle Loss: 0.0014651939272880554, LR: 1.04e-05, Cumulated time: 245.40217414299647m 
Epoch:8-40/2500, Train cle Loss: 0.001091404934413731, LR: 1.03e-05, Cumulated time: 245.82801510095595m 
Epoch:8-80/2500, Train cle Loss: 0.0029807111714035273, LR: 1.03e-05, Cumulated time: 246.2499446153641m 
Epoch:8-120/2500, Train cle Loss: 0.0028490107506513596, LR: 1.03e-05, Cumulated time: 246.6701994339625m 
Epoch:8-160/2500, Train cle Loss: 0.058148205280303955, LR: 1.03e-05, Cumulated time: 247.0956241130829m 
Epoch:8-200/2500, Train cle Loss: 0.0024946299381554127, LR: 1.03e-05, Cumulated time: 247.51972093582154m 
Epoch:8-240/2500, Train cle Loss: 0.004183788783848286, LR: 1.02e-05, Cumulated time: 247.94489660263062m 
Epoch:8-280/2500, Train cle Loss: 0.002391865709796548, LR: 1.02e-05, Cumulated time: 248.39068519274394m 
Epoch:8-320/2500, Train cle Loss: 0.003219642210751772, LR: 1.02e-05, Cumulated time: 248.8155153632164m 
Epoch:8-360/2500, Train cle Loss: 0.002533158753067255, LR: 1.02e-05, Cumulated time: 249.24080489873887m 
Epoch:8-400/2500, Train cle Loss: 0.07045865803956985, LR: 1.01e-05, Cumulated time: 249.66587929725648m 
Epoch:8-440/2500, Train cle Loss: 0.0035784905776381493, LR: 1.01e-05, Cumulated time: 250.08763613700867m 
Epoch:8-480/2500, Train cle Loss: 0.003170961979776621, LR: 1.01e-05, Cumulated time: 250.51251933574676m 
Epoch:8-520/2500, Train cle Loss: 0.0024774251505732536, LR: 1.01e-05, Cumulated time: 250.96101799408595m 
Epoch:8-560/2500, Train cle Loss: 0.0020578273106366396, LR: 1.00e-05, Cumulated time: 251.3858277638753m 
Epoch:8-600/2500, Train cle Loss: 0.018358277156949043, LR: 1.00e-05, Cumulated time: 251.81082740227382m 
Epoch:8-640/2500, Train cle Loss: 0.1690613180398941, LR: 9.99e-06, Cumulated time: 252.22944252093632m 
Epoch:8-680/2500, Train cle Loss: 0.10489653795957565, LR: 9.97e-06, Cumulated time: 252.65319246053696m 
Epoch:8-720/2500, Train cle Loss: 0.0023597460240125656, LR: 9.94e-06, Cumulated time: 253.07545425494513m 
Epoch:8-760/2500, Train cle Loss: 0.0020469529554247856, LR: 9.92e-06, Cumulated time: 253.5253640850385m 
Epoch:8-800/2500, Train cle Loss: 0.0029861140064895153, LR: 9.90e-06, Cumulated time: 253.95052460432052m 
Epoch:8-840/2500, Train cle Loss: 0.002285382943227887, LR: 9.87e-06, Cumulated time: 254.37558428049087m 
Epoch:8-880/2500, Train cle Loss: 0.001585428137332201, LR: 9.85e-06, Cumulated time: 254.80070257981617m 
Epoch:8-920/2500, Train cle Loss: 0.0017726731020957232, LR: 9.82e-06, Cumulated time: 255.22575238148372m 
Epoch:8-960/2500, Train cle Loss: 0.001716806087642908, LR: 9.80e-06, Cumulated time: 255.65092868407567m 
Epoch:8-1000/2500, Train cle Loss: 0.0013281877618283033, LR: 9.78e-06, Cumulated time: 256.1014577269554m 
Epoch:8-1040/2500, Train cle Loss: 0.0017411314183846116, LR: 9.75e-06, Cumulated time: 256.5231338302294m 
Epoch:8-1080/2500, Train cle Loss: 0.0027614436112344265, LR: 9.73e-06, Cumulated time: 256.94695052305855m 
Epoch:8-1120/2500, Train cle Loss: 0.001729539013467729, LR: 9.71e-06, Cumulated time: 257.37196187178296m 
Epoch:8-1160/2500, Train cle Loss: 0.0018394652288407087, LR: 9.68e-06, Cumulated time: 257.79707227547965m 
Epoch:8-1200/2500, Train cle Loss: 0.0015372155467048287, LR: 9.66e-06, Cumulated time: 258.22107884883883m 
Epoch:8-1240/2500, Train cle Loss: 0.001697879284620285, LR: 9.63e-06, Cumulated time: 258.6462066253026m 
Epoch:8-1280/2500, Train cle Loss: 0.0025158277712762356, LR: 9.61e-06, Cumulated time: 259.0962644259135m 
Epoch:8-1320/2500, Train cle Loss: 0.07031789422035217, LR: 9.59e-06, Cumulated time: 259.5171968460083m 
Epoch:8-1360/2500, Train cle Loss: 0.0023931562900543213, LR: 9.56e-06, Cumulated time: 259.9411009311676m 
Epoch:8-1400/2500, Train cle Loss: 0.0027293707244098186, LR: 9.54e-06, Cumulated time: 260.365973397096m 
Epoch:8-1440/2500, Train cle Loss: 0.07909079641103745, LR: 9.52e-06, Cumulated time: 260.79115641117096m 
Epoch:8-1480/2500, Train cle Loss: 0.09628330171108246, LR: 9.49e-06, Cumulated time: 261.2163366874059m 
Epoch:8-1520/2500, Train cle Loss: 0.0014921121764928102, LR: 9.47e-06, Cumulated time: 261.6627905845642m 
Epoch:8-1560/2500, Train cle Loss: 0.0017347242683172226, LR: 9.45e-06, Cumulated time: 262.08816233476006m 
Epoch:8-1600/2500, Train cle Loss: 0.0009830375202000141, LR: 9.42e-06, Cumulated time: 262.51362001895905m 
Epoch:8-1640/2500, Train cle Loss: 0.0014256872236728668, LR: 9.40e-06, Cumulated time: 262.9376700679461m 
Epoch:8-1680/2500, Train cle Loss: 0.000713170098606497, LR: 9.37e-06, Cumulated time: 263.3618734757105m 
Epoch:8-1720/2500, Train cle Loss: 0.0018940961454063654, LR: 9.35e-06, Cumulated time: 263.7833559075991m 
Epoch:8-1760/2500, Train cle Loss: 0.002190592233091593, LR: 9.33e-06, Cumulated time: 264.23323446909586m 
Epoch:8-1800/2500, Train cle Loss: 0.0026026482228189707, LR: 9.30e-06, Cumulated time: 264.65828950802484m 
Epoch:8-1840/2500, Train cle Loss: 0.12807519733905792, LR: 9.28e-06, Cumulated time: 265.08342954715096m 
Epoch:8-1880/2500, Train cle Loss: 0.0037598619237542152, LR: 9.26e-06, Cumulated time: 265.5075177987417m 
Epoch:8-1920/2500, Train cle Loss: 0.002955877222120762, LR: 9.23e-06, Cumulated time: 265.9292852242788m 
Epoch:8-1960/2500, Train cle Loss: 0.0021833081264048815, LR: 9.21e-06, Cumulated time: 266.3544704635938m 
Epoch:8-2000/2500, Train cle Loss: 0.0023017218336462975, LR: 9.18e-06, Cumulated time: 266.80426946878436m 
Epoch:8-2040/2500, Train cle Loss: 0.001960237743332982, LR: 9.16e-06, Cumulated time: 267.2291980703672m 
Epoch:8-2080/2500, Train cle Loss: 0.0017110001062974334, LR: 9.14e-06, Cumulated time: 267.65420001745224m 
Epoch:8-2120/2500, Train cle Loss: 0.003807369153946638, LR: 9.11e-06, Cumulated time: 268.0793549736341m 
Epoch:8-2160/2500, Train cle Loss: 0.0015636342577636242, LR: 9.09e-06, Cumulated time: 268.50450215339663m 
Epoch:8-2200/2500, Train cle Loss: 0.07102835178375244, LR: 9.07e-06, Cumulated time: 268.9297013004621m 
Epoch:8-2240/2500, Train cle Loss: 0.0027197464369237423, LR: 9.04e-06, Cumulated time: 269.3534753600756m 
Epoch:8-2280/2500, Train cle Loss: 0.0014993267832323909, LR: 9.02e-06, Cumulated time: 269.7995470205943m 
Epoch:8-2320/2500, Train cle Loss: 0.00261263782158494, LR: 8.99e-06, Cumulated time: 270.2246899485588m 
Epoch:8-2360/2500, Train cle Loss: 0.000860793748870492, LR: 8.97e-06, Cumulated time: 270.64623738129933m 
Epoch:8-2400/2500, Train cle Loss: 0.002839712193235755, LR: 8.95e-06, Cumulated time: 271.0714737534523m 
Epoch:8-2440/2500, Train cle Loss: 0.0034705556463450193, LR: 8.92e-06, Cumulated time: 271.49311990737914m 
Epoch:8-2480/2500, Train cle Loss: 0.0010512917069718242, LR: 8.90e-06, Cumulated time: 271.9169091741244m 
--------------------------------------------------------------
Report:
              precision    recall  f1-score   support

           0     0.9938    0.9865    0.9901      4883
           1     0.5686    0.7436    0.6444       117

    accuracy                         0.9808      5000
   macro avg     0.7812    0.8650    0.8173      5000
weighted avg     0.9839    0.9808    0.9820      5000

Epoch : 8, F1(pos): 64.444, F1(weighted): 98.204, Pre: 98.386, Rec: 98.080, Acc : 98.080 on Valid_set, Spend:1.321 minutes for evaluation
--------------------------------------------------------------
Report:
              precision    recall  f1-score   support

           0     0.9842    0.9564    0.9701      9471
           1     0.4818    0.7259    0.5792       529

    accuracy                         0.9442     10000
   macro avg     0.7330    0.8411    0.7747     10000
weighted avg     0.9577    0.9442    0.9494     10000

Epoch : 8, F1(pos): 57.919, F1(weighted): 94.944, Pre: 95.767, Rec: 94.420, Acc : 94.420 on Test_set, Spend:2.600 minutes for evaluation
--------------------------------------------------------------
Epoch:8 completed, Total Train Loss:30.765790214354638, Valid Loss:140.51830276846886, Spend 276.0647810935974m 
No improvement for 1/5 epoch(s).
Epoch:9-0/2500, Train cle Loss: 0.0010306229814887047, LR: 8.89e-06, Cumulated time: 276.1024020036062m 
Epoch:9-40/2500, Train cle Loss: 0.002019173465669155, LR: 8.86e-06, Cumulated time: 276.52819211085637m 
Epoch:9-80/2500, Train cle Loss: 0.004783790558576584, LR: 8.84e-06, Cumulated time: 276.95392824808755m 
Epoch:9-120/2500, Train cle Loss: 0.008073970675468445, LR: 8.82e-06, Cumulated time: 277.3794128338496m 
Epoch:9-160/2500, Train cle Loss: 0.0018724388210102916, LR: 8.79e-06, Cumulated time: 277.80490582386653m 
Epoch:9-200/2500, Train cle Loss: 0.0027563434559851885, LR: 8.77e-06, Cumulated time: 278.2300409913063m 
Epoch:9-240/2500, Train cle Loss: 0.004128510132431984, LR: 8.75e-06, Cumulated time: 278.65513308048247m 
Epoch:9-280/2500, Train cle Loss: 0.0013701437273994088, LR: 8.72e-06, Cumulated time: 279.1052036325137m 
Epoch:9-320/2500, Train cle Loss: 0.0015019108541309834, LR: 8.70e-06, Cumulated time: 279.5303276260694m 
Epoch:9-360/2500, Train cle Loss: 0.0017873283941298723, LR: 8.67e-06, Cumulated time: 279.95522075096767m 
Epoch:9-400/2500, Train cle Loss: 0.0015051683876663446, LR: 8.65e-06, Cumulated time: 280.37859905163447m 
Epoch:9-440/2500, Train cle Loss: 0.002992069348692894, LR: 8.63e-06, Cumulated time: 280.80378535191215m 
Epoch:9-480/2500, Train cle Loss: 0.0014502119738608599, LR: 8.60e-06, Cumulated time: 281.2277203361193m 
Epoch:9-520/2500, Train cle Loss: 0.0005096225067973137, LR: 8.58e-06, Cumulated time: 281.6774724324544m 
Epoch:9-560/2500, Train cle Loss: 0.0016492053400725126, LR: 8.56e-06, Cumulated time: 282.0992773771286m 
Epoch:9-600/2500, Train cle Loss: 0.0013649420579895377, LR: 8.53e-06, Cumulated time: 282.5192217151324m 
Epoch:9-640/2500, Train cle Loss: 0.0012424062006175518, LR: 8.51e-06, Cumulated time: 282.9406842986743m 
Epoch:9-680/2500, Train cle Loss: 0.0008825882687233388, LR: 8.49e-06, Cumulated time: 283.36583940585456m 
Epoch:9-720/2500, Train cle Loss: 0.0014120584819465876, LR: 8.46e-06, Cumulated time: 283.7898680528005m 
Epoch:9-760/2500, Train cle Loss: 0.0017348909750580788, LR: 8.44e-06, Cumulated time: 284.23980062802633m 
Epoch:9-800/2500, Train cle Loss: 0.0011821214575320482, LR: 8.41e-06, Cumulated time: 284.6637898802757m 
Epoch:9-840/2500, Train cle Loss: 0.003688986413180828, LR: 8.39e-06, Cumulated time: 285.08873794873557m 
Epoch:9-880/2500, Train cle Loss: 0.05875160172581673, LR: 8.37e-06, Cumulated time: 285.5140136241913m 
Epoch:9-920/2500, Train cle Loss: 0.0023423980455845594, LR: 8.34e-06, Cumulated time: 285.9392759005229m 
Epoch:9-960/2500, Train cle Loss: 0.07831083238124847, LR: 8.32e-06, Cumulated time: 286.3645834883054m 
Epoch:9-1000/2500, Train cle Loss: 0.0017754137516021729, LR: 8.30e-06, Cumulated time: 286.81405352751415m 
Epoch:9-1040/2500, Train cle Loss: 0.0023470933083444834, LR: 8.27e-06, Cumulated time: 287.2394258538882m 
Epoch:9-1080/2500, Train cle Loss: 0.00140458345413208, LR: 8.25e-06, Cumulated time: 287.6644831339518m 
Epoch:9-1120/2500, Train cle Loss: 0.002660177182406187, LR: 8.22e-06, Cumulated time: 288.0866408109665m 
Epoch:9-1160/2500, Train cle Loss: 0.0007873294525779784, LR: 8.20e-06, Cumulated time: 288.5118131597837m 
Epoch:9-1200/2500, Train cle Loss: 0.0014805678511038423, LR: 8.18e-06, Cumulated time: 288.9372245033582m 
Epoch:9-1240/2500, Train cle Loss: 0.001179826445877552, LR: 8.15e-06, Cumulated time: 289.3626151959101m 
Epoch:9-1280/2500, Train cle Loss: 0.0024640592746436596, LR: 8.13e-06, Cumulated time: 289.8068695108096m 
Epoch:9-1320/2500, Train cle Loss: 0.0014639027649536729, LR: 8.11e-06, Cumulated time: 290.2307969490687m 
Epoch:9-1360/2500, Train cle Loss: 0.0027234209701418877, LR: 8.08e-06, Cumulated time: 290.65579157272975m 
Epoch:9-1400/2500, Train cle Loss: 0.0011935299262404442, LR: 8.06e-06, Cumulated time: 291.0777116457621m 
Epoch:9-1440/2500, Train cle Loss: 0.0012217817129567266, LR: 8.03e-06, Cumulated time: 291.5029339671135m 
Epoch:9-1480/2500, Train cle Loss: 0.0019119834760203958, LR: 8.01e-06, Cumulated time: 291.92705699205396m 
Epoch:9-1520/2500, Train cle Loss: 0.0010942218359559774, LR: 7.99e-06, Cumulated time: 292.37691160837807m 
Epoch:9-1560/2500, Train cle Loss: 0.0026682326570153236, LR: 7.96e-06, Cumulated time: 292.8019222895304m 
Epoch:9-1600/2500, Train cle Loss: 0.0024019174743443727, LR: 7.94e-06, Cumulated time: 293.2236440459887m 
Epoch:9-1640/2500, Train cle Loss: 0.0019956317264586687, LR: 7.92e-06, Cumulated time: 293.6402709444364m 
Epoch:9-1680/2500, Train cle Loss: 0.002873951569199562, LR: 7.89e-06, Cumulated time: 294.06558417081834m 
Epoch:9-1720/2500, Train cle Loss: 0.001992706209421158, LR: 7.87e-06, Cumulated time: 294.489517390728m 
Epoch:9-1760/2500, Train cle Loss: 0.0011328255059197545, LR: 7.85e-06, Cumulated time: 294.93947454293567m 
Epoch:9-1800/2500, Train cle Loss: 0.001048880978487432, LR: 7.82e-06, Cumulated time: 295.3634043812752m 
Epoch:9-1840/2500, Train cle Loss: 0.0022598542273044586, LR: 7.80e-06, Cumulated time: 295.7887410124143m 
Epoch:9-1880/2500, Train cle Loss: 0.07382824271917343, LR: 7.77e-06, Cumulated time: 296.213912832737m 
Epoch:9-1920/2500, Train cle Loss: 0.0032866878900676966, LR: 7.75e-06, Cumulated time: 296.63562097549436m 
Epoch:9-1960/2500, Train cle Loss: 0.0029700843151658773, LR: 7.73e-06, Cumulated time: 297.0608213265737m 
Epoch:9-2000/2500, Train cle Loss: 0.003749229945242405, LR: 7.70e-06, Cumulated time: 297.5106944521268m 
Epoch:9-2040/2500, Train cle Loss: 0.0015111808897927403, LR: 7.68e-06, Cumulated time: 297.934356546402m 
Epoch:9-2080/2500, Train cle Loss: 0.0019499200861901045, LR: 7.66e-06, Cumulated time: 298.35980953375497m 
Epoch:9-2120/2500, Train cle Loss: 0.0021752743050456047, LR: 7.63e-06, Cumulated time: 298.7847943703334m 
Epoch:9-2160/2500, Train cle Loss: 0.001487883273512125, LR: 7.61e-06, Cumulated time: 299.20997768243154m 
Epoch:9-2200/2500, Train cle Loss: 0.0030795522034168243, LR: 7.58e-06, Cumulated time: 299.63378243843715m 
Epoch:9-2240/2500, Train cle Loss: 0.0006063071195967495, LR: 7.56e-06, Cumulated time: 300.05563266674676m 
Epoch:9-2280/2500, Train cle Loss: 0.0034564915113151073, LR: 7.54e-06, Cumulated time: 300.50415035088855m 
Epoch:9-2320/2500, Train cle Loss: 0.002100843470543623, LR: 7.51e-06, Cumulated time: 300.92929000457127m 
Epoch:9-2360/2500, Train cle Loss: 0.002154323738068342, LR: 7.49e-06, Cumulated time: 301.3544475356738m 
Epoch:9-2400/2500, Train cle Loss: 0.00112704758066684, LR: 7.47e-06, Cumulated time: 301.77877335945766m 
Epoch:9-2440/2500, Train cle Loss: 0.0021392502821981907, LR: 7.44e-06, Cumulated time: 302.20367172161735m 
Epoch:9-2480/2500, Train cle Loss: 0.0008899044478312135, LR: 7.42e-06, Cumulated time: 302.6273659229279m 
--------------------------------------------------------------
Report:
              precision    recall  f1-score   support

           0     0.9930    0.9894    0.9912      4883
           1     0.6148    0.7094    0.6587       117

    accuracy                         0.9828      5000
   macro avg     0.8039    0.8494    0.8250      5000
weighted avg     0.9842    0.9828    0.9834      5000

Epoch : 9, F1(pos): 65.873, F1(weighted): 98.340, Pre: 98.416, Rec: 98.280, Acc : 98.280 on Valid_set, Spend:1.321 minutes for evaluation
--------------------------------------------------------------
Report:
              precision    recall  f1-score   support

           0     0.9821    0.9692    0.9756      9471
           1     0.5535    0.6843    0.6120       529

    accuracy                         0.9541     10000
   macro avg     0.7678    0.8267    0.7938     10000
weighted avg     0.9595    0.9541    0.9564     10000

Epoch : 9, F1(pos): 61.200, F1(weighted): 95.637, Pre: 95.946, Rec: 95.410, Acc : 95.410 on Test_set, Spend:2.601 minutes for evaluation
--------------------------------------------------------------
Epoch:9 completed, Total Train Loss:26.684195095847826, Valid Loss:152.4740319699049, Spend 306.7757636984189m 
No improvement for 2/5 epoch(s).
Epoch:10-0/2500, Train cle Loss: 0.0018772183684632182, LR: 7.41e-06, Cumulated time: 306.8132943113645m 
Epoch:10-40/2500, Train cle Loss: 0.05943844094872475, LR: 7.38e-06, Cumulated time: 307.2379919409752m 
Epoch:10-80/2500, Train cle Loss: 0.00213070516474545, LR: 7.36e-06, Cumulated time: 307.6636182665825m 
Epoch:10-120/2500, Train cle Loss: 0.0014621028676629066, LR: 7.34e-06, Cumulated time: 308.0889356335004m 
Epoch:10-160/2500, Train cle Loss: 0.0015429261839017272, LR: 7.31e-06, Cumulated time: 308.514239859581m 
Epoch:10-200/2500, Train cle Loss: 0.0020887257996946573, LR: 7.29e-06, Cumulated time: 308.9397116184235m 
Epoch:10-240/2500, Train cle Loss: 0.0027773454785346985, LR: 7.26e-06, Cumulated time: 309.365106900533m 
Epoch:10-280/2500, Train cle Loss: 0.0026039080694317818, LR: 7.24e-06, Cumulated time: 309.8104001760483m 
Epoch:10-320/2500, Train cle Loss: 0.001916644279845059, LR: 7.22e-06, Cumulated time: 310.2355748176575m 
Epoch:10-360/2500, Train cle Loss: 0.0020137117244303226, LR: 7.19e-06, Cumulated time: 310.660582280159m 
Epoch:10-400/2500, Train cle Loss: 0.002083255909383297, LR: 7.17e-06, Cumulated time: 311.07322582403816m 
Epoch:10-440/2500, Train cle Loss: 0.0010703676380217075, LR: 7.15e-06, Cumulated time: 311.4972416162491m 
Epoch:10-480/2500, Train cle Loss: 0.001235885894857347, LR: 7.12e-06, Cumulated time: 311.92239370346067m 
Epoch:10-520/2500, Train cle Loss: 0.0022235633805394173, LR: 7.10e-06, Cumulated time: 312.36653116941454m 
Epoch:10-560/2500, Train cle Loss: 0.0019586202688515186, LR: 7.07e-06, Cumulated time: 312.79013583262764m 
Epoch:10-600/2500, Train cle Loss: 0.001410644268617034, LR: 7.05e-06, Cumulated time: 313.2083950638771m 
Epoch:10-640/2500, Train cle Loss: 0.0034795058891177177, LR: 7.03e-06, Cumulated time: 313.6285953919093m 
Epoch:10-680/2500, Train cle Loss: 0.003821166232228279, LR: 7.00e-06, Cumulated time: 314.05043070316316m 
Epoch:10-720/2500, Train cle Loss: 0.0020382299553602934, LR: 6.98e-06, Cumulated time: 314.47571114301684m 
Epoch:10-760/2500, Train cle Loss: 0.0028338111005723476, LR: 6.96e-06, Cumulated time: 314.9247996091843m 
Epoch:10-800/2500, Train cle Loss: 0.0025723169092088938, LR: 6.93e-06, Cumulated time: 315.34994043509164m 
Epoch:10-840/2500, Train cle Loss: 0.002365595893934369, LR: 6.91e-06, Cumulated time: 315.77517205874125m 
Epoch:10-880/2500, Train cle Loss: 0.0016593611799180508, LR: 6.89e-06, Cumulated time: 316.20019796291984m 
Epoch:10-920/2500, Train cle Loss: 0.0029326784424483776, LR: 6.86e-06, Cumulated time: 316.62398404280344m 
Epoch:10-960/2500, Train cle Loss: 0.002680453471839428, LR: 6.84e-06, Cumulated time: 317.0449046333631m 
Epoch:10-1000/2500, Train cle Loss: 0.002421681070700288, LR: 6.81e-06, Cumulated time: 317.494881828626m 
Epoch:10-1040/2500, Train cle Loss: 0.001680728979408741, LR: 6.79e-06, Cumulated time: 317.918598540624m 
Epoch:10-1080/2500, Train cle Loss: 0.0021657971665263176, LR: 6.77e-06, Cumulated time: 318.3438259959221m 
Epoch:10-1120/2500, Train cle Loss: 0.002934819320216775, LR: 6.74e-06, Cumulated time: 318.7684701879819m 
Epoch:10-1160/2500, Train cle Loss: 0.048721544444561005, LR: 6.72e-06, Cumulated time: 319.19350240627926m 
Epoch:10-1200/2500, Train cle Loss: 0.003396356478333473, LR: 6.70e-06, Cumulated time: 319.61863320271175m 
Epoch:10-1240/2500, Train cle Loss: 0.003030119463801384, LR: 6.67e-06, Cumulated time: 320.04399569034575m 
Epoch:10-1280/2500, Train cle Loss: 0.0016077959444373846, LR: 6.65e-06, Cumulated time: 320.4938340226809m 
Epoch:10-1320/2500, Train cle Loss: 0.0014654574915766716, LR: 6.62e-06, Cumulated time: 320.9190016746521m 
Epoch:10-1360/2500, Train cle Loss: 0.0016390548553317785, LR: 6.60e-06, Cumulated time: 321.34045046567917m 
Epoch:10-1400/2500, Train cle Loss: 0.002376409713178873, LR: 6.58e-06, Cumulated time: 321.7655071457227m 
Epoch:10-1440/2500, Train cle Loss: 0.0005598593270406127, LR: 6.55e-06, Cumulated time: 322.1907236973445m 
Epoch:10-1480/2500, Train cle Loss: 0.0005663418560288846, LR: 6.53e-06, Cumulated time: 322.61600445111594m 
Epoch:10-1520/2500, Train cle Loss: 0.001381361624225974, LR: 6.51e-06, Cumulated time: 323.0623447418213m 
Epoch:10-1560/2500, Train cle Loss: 0.0012786347651854157, LR: 6.48e-06, Cumulated time: 323.48740515708926m 
Epoch:10-1600/2500, Train cle Loss: 0.001039892784319818, LR: 6.46e-06, Cumulated time: 323.9127428889275m 
Epoch:10-1640/2500, Train cle Loss: 0.08382613956928253, LR: 6.43e-06, Cumulated time: 324.3363303343455m 
Epoch:10-1680/2500, Train cle Loss: 0.0013247125316411257, LR: 6.41e-06, Cumulated time: 324.7561245441437m 
Epoch:10-1720/2500, Train cle Loss: 0.0013925760285928845, LR: 6.39e-06, Cumulated time: 325.1814815878868m 
Epoch:10-1760/2500, Train cle Loss: 0.0009190913988277316, LR: 6.36e-06, Cumulated time: 325.6313702027003m 
Epoch:10-1800/2500, Train cle Loss: 0.0006862033624202013, LR: 6.34e-06, Cumulated time: 326.0565557320913m 
Epoch:10-1840/2500, Train cle Loss: 0.00098106125369668, LR: 6.32e-06, Cumulated time: 326.48170626560847m 
Epoch:10-1880/2500, Train cle Loss: 0.00038004564703442156, LR: 6.29e-06, Cumulated time: 326.9070965886116m 
Epoch:10-1920/2500, Train cle Loss: 0.0020219474099576473, LR: 6.27e-06, Cumulated time: 327.33224746783577m 
Epoch:10-1960/2500, Train cle Loss: 0.0020004655234515667, LR: 6.25e-06, Cumulated time: 327.75754351615905m 
Epoch:10-2000/2500, Train cle Loss: 0.0023072785697877407, LR: 6.22e-06, Cumulated time: 328.2081009189288m 
Epoch:10-2040/2500, Train cle Loss: 0.0016386377392336726, LR: 6.20e-06, Cumulated time: 328.6332616885503m 
Epoch:10-2080/2500, Train cle Loss: 0.001756617333739996, LR: 6.17e-06, Cumulated time: 329.0584081451098m 
Epoch:10-2120/2500, Train cle Loss: 0.0021512690000236034, LR: 6.15e-06, Cumulated time: 329.4747685909271m 
Epoch:10-2160/2500, Train cle Loss: 0.0005595742259174585, LR: 6.13e-06, Cumulated time: 329.89443037907284m 
Epoch:10-2200/2500, Train cle Loss: 0.0009975918801501393, LR: 6.10e-06, Cumulated time: 330.31966915130613m 
Epoch:10-2240/2500, Train cle Loss: 0.0005308447871357203, LR: 6.08e-06, Cumulated time: 330.74486725330354m 
Epoch:10-2280/2500, Train cle Loss: 0.0021364078857004642, LR: 6.06e-06, Cumulated time: 331.19360308249793m 
Epoch:10-2320/2500, Train cle Loss: 0.0011941521661356091, LR: 6.03e-06, Cumulated time: 331.6132435321808m 
Epoch:10-2360/2500, Train cle Loss: 0.0006583806243725121, LR: 6.01e-06, Cumulated time: 332.0369748751322m 
Epoch:10-2400/2500, Train cle Loss: 0.0006978964665904641, LR: 5.98e-06, Cumulated time: 332.46241405407585m 
Epoch:10-2440/2500, Train cle Loss: 0.0013466054806485772, LR: 5.96e-06, Cumulated time: 332.8809565504392m 
Epoch:10-2480/2500, Train cle Loss: 0.0010889330878853798, LR: 5.94e-06, Cumulated time: 333.3045503218969m 
--------------------------------------------------------------
Report:
              precision    recall  f1-score   support

           0     0.9924    0.9898    0.9911      4883
           1     0.6154    0.6838    0.6478       117

    accuracy                         0.9826      5000
   macro avg     0.8039    0.8368    0.8194      5000
weighted avg     0.9836    0.9826    0.9830      5000

Epoch : 10, F1(pos): 64.777, F1(weighted): 98.305, Pre: 98.358, Rec: 98.260, Acc : 98.260 on Valid_set, Spend:1.320 minutes for evaluation
--------------------------------------------------------------
Report:
              precision    recall  f1-score   support

           0     0.9818    0.9651    0.9734      9471
           1     0.5210    0.6805    0.5902       529

    accuracy                         0.9500     10000
   macro avg     0.7514    0.8228    0.7818     10000
weighted avg     0.9575    0.9500    0.9531     10000

Epoch : 10, F1(pos): 59.016, F1(weighted): 95.310, Pre: 95.747, Rec: 95.000, Acc : 95.000 on Test_set, Spend:2.600 minutes for evaluation
--------------------------------------------------------------
Epoch:10 completed, Total Train Loss:22.43355892712134, Valid Loss:130.92161850631237, Spend 337.4520336349805m 
No improvement for 3/5 epoch(s).
Epoch:11-0/2500, Train cle Loss: 0.0017893349286168814, LR: 5.93e-06, Cumulated time: 337.48928528229396m 
Epoch:11-40/2500, Train cle Loss: 0.0020520109683275223, LR: 5.90e-06, Cumulated time: 337.9151753505071m 
Epoch:11-80/2500, Train cle Loss: 0.0011079937685281038, LR: 5.88e-06, Cumulated time: 338.3370141108831m 
Epoch:11-120/2500, Train cle Loss: 0.0019997393246740103, LR: 5.85e-06, Cumulated time: 338.76267884174985m 
Epoch:11-160/2500, Train cle Loss: 0.0027437363751232624, LR: 5.83e-06, Cumulated time: 339.17991641759875m 
Epoch:11-200/2500, Train cle Loss: 0.001945647643879056, LR: 5.81e-06, Cumulated time: 339.6052361448606m 
Epoch:11-240/2500, Train cle Loss: 0.001738942344672978, LR: 5.78e-06, Cumulated time: 340.02476968765257m 
Epoch:11-280/2500, Train cle Loss: 0.0013690670020878315, LR: 5.76e-06, Cumulated time: 340.4708826899529m 
Epoch:11-320/2500, Train cle Loss: 0.0014933553757146, LR: 5.74e-06, Cumulated time: 340.89600648085275m 
Epoch:11-360/2500, Train cle Loss: 0.001584368059411645, LR: 5.71e-06, Cumulated time: 341.3211222847303m 
Epoch:11-400/2500, Train cle Loss: 0.08287613838911057, LR: 5.69e-06, Cumulated time: 341.7462052822113m 
Epoch:11-440/2500, Train cle Loss: 0.0009718060027807951, LR: 5.66e-06, Cumulated time: 342.17147045930227m 
Epoch:11-480/2500, Train cle Loss: 0.0016630610916763544, LR: 5.64e-06, Cumulated time: 342.59671192566555m 
Epoch:11-520/2500, Train cle Loss: 0.0017269242089241743, LR: 5.62e-06, Cumulated time: 343.04621032079064m 
Epoch:11-560/2500, Train cle Loss: 0.076423779129982, LR: 5.59e-06, Cumulated time: 343.4659550189972m 
Epoch:11-600/2500, Train cle Loss: 0.0009842582512646914, LR: 5.57e-06, Cumulated time: 343.8913166244825m 
Epoch:11-640/2500, Train cle Loss: 0.001540972851216793, LR: 5.55e-06, Cumulated time: 344.31637502908706m 
Epoch:11-680/2500, Train cle Loss: 0.0023896009661257267, LR: 5.52e-06, Cumulated time: 344.7419586658478m 
Epoch:11-720/2500, Train cle Loss: 0.15885815024375916, LR: 5.50e-06, Cumulated time: 345.1624163309733m 
Epoch:11-760/2500, Train cle Loss: 0.04605285823345184, LR: 5.47e-06, Cumulated time: 345.6126950661341m 
Epoch:11-800/2500, Train cle Loss: 0.0020970359910279512, LR: 5.45e-06, Cumulated time: 346.0379392504692m 
Epoch:11-840/2500, Train cle Loss: 0.005090910941362381, LR: 5.43e-06, Cumulated time: 346.4606736660004m 
Epoch:11-880/2500, Train cle Loss: 0.003188349772244692, LR: 5.40e-06, Cumulated time: 346.8859343369802m 
Epoch:11-920/2500, Train cle Loss: 0.0020654299296438694, LR: 5.38e-06, Cumulated time: 347.3110424995422m 
Epoch:11-960/2500, Train cle Loss: 0.0019533399026840925, LR: 5.36e-06, Cumulated time: 347.73286505937574m 
Epoch:11-1000/2500, Train cle Loss: 0.003867564257234335, LR: 5.33e-06, Cumulated time: 348.1829986294111m 
Epoch:11-1040/2500, Train cle Loss: 0.0017545776208862662, LR: 5.31e-06, Cumulated time: 348.6036313295364m 
Epoch:11-1080/2500, Train cle Loss: 0.002203329000622034, LR: 5.29e-06, Cumulated time: 349.02873597542447m 
Epoch:11-1120/2500, Train cle Loss: 0.0017096668016165495, LR: 5.26e-06, Cumulated time: 349.4539601365725m 
Epoch:11-1160/2500, Train cle Loss: 0.0016680206172168255, LR: 5.24e-06, Cumulated time: 349.8791701833407m 
Epoch:11-1200/2500, Train cle Loss: 0.0014007303398102522, LR: 5.21e-06, Cumulated time: 350.30133435328804m 
Epoch:11-1240/2500, Train cle Loss: 0.001815248280763626, LR: 5.19e-06, Cumulated time: 350.7266237179438m 
Epoch:11-1280/2500, Train cle Loss: 0.0019845860078930855, LR: 5.17e-06, Cumulated time: 351.1758435090383m 
Epoch:11-1320/2500, Train cle Loss: 0.0024671079590916634, LR: 5.14e-06, Cumulated time: 351.60088936487836m 
Epoch:11-1360/2500, Train cle Loss: 0.0023471713066101074, LR: 5.12e-06, Cumulated time: 352.01906298796337m 
Epoch:11-1400/2500, Train cle Loss: 0.0017295482102781534, LR: 5.10e-06, Cumulated time: 352.44427576859795m 
Epoch:11-1440/2500, Train cle Loss: 0.0014020238304510713, LR: 5.07e-06, Cumulated time: 352.8661796927452m 
Epoch:11-1480/2500, Train cle Loss: 0.0634196326136589, LR: 5.05e-06, Cumulated time: 353.2911936680476m 
Epoch:11-1520/2500, Train cle Loss: 0.0023687551729381084, LR: 5.02e-06, Cumulated time: 353.74015550613404m 
Epoch:11-1560/2500, Train cle Loss: 0.0023360864724963903, LR: 5.00e-06, Cumulated time: 354.1589211066564m 
Epoch:11-1600/2500, Train cle Loss: 0.0030239205807447433, LR: 4.98e-06, Cumulated time: 354.58403931856157m 
Epoch:11-1640/2500, Train cle Loss: 0.0018854341469705105, LR: 4.95e-06, Cumulated time: 355.0080031911532m 
Epoch:11-1680/2500, Train cle Loss: 0.0019172456813976169, LR: 4.93e-06, Cumulated time: 355.4332682172457m 
Epoch:11-1720/2500, Train cle Loss: 0.0017774066654965281, LR: 4.91e-06, Cumulated time: 355.8584627707799m 
Epoch:11-1760/2500, Train cle Loss: 0.0018700881628319621, LR: 4.88e-06, Cumulated time: 356.29942469596864m 
Epoch:11-1800/2500, Train cle Loss: 0.0018180712359026074, LR: 4.86e-06, Cumulated time: 356.7229711492856m 
Epoch:11-1840/2500, Train cle Loss: 0.0019917809404432774, LR: 4.83e-06, Cumulated time: 357.1479946176211m 
Epoch:11-1880/2500, Train cle Loss: 0.0020933132618665695, LR: 4.81e-06, Cumulated time: 357.57311973969144m 
Epoch:11-1920/2500, Train cle Loss: 0.005564382299780846, LR: 4.79e-06, Cumulated time: 357.9938327431679m 
Epoch:11-1960/2500, Train cle Loss: 0.0024743620306253433, LR: 4.76e-06, Cumulated time: 358.41902814308804m 
Epoch:11-2000/2500, Train cle Loss: 0.002722221426665783, LR: 4.74e-06, Cumulated time: 358.8682840426763m 
Epoch:11-2040/2500, Train cle Loss: 0.0023701442405581474, LR: 4.72e-06, Cumulated time: 359.2934159040451m 
Epoch:11-2080/2500, Train cle Loss: 0.0011081320699304342, LR: 4.69e-06, Cumulated time: 359.7187116543452m 
Epoch:11-2120/2500, Train cle Loss: 0.0011171334190294147, LR: 4.67e-06, Cumulated time: 360.1439709544182m 
Epoch:11-2160/2500, Train cle Loss: 0.002224483760073781, LR: 4.65e-06, Cumulated time: 360.5691203991572m 
Epoch:11-2200/2500, Train cle Loss: 0.0008895652135834098, LR: 4.62e-06, Cumulated time: 360.9943912982941m 
Epoch:11-2240/2500, Train cle Loss: 0.0021658409386873245, LR: 4.60e-06, Cumulated time: 361.4178266922633m 
Epoch:11-2280/2500, Train cle Loss: 0.0023905725684016943, LR: 4.57e-06, Cumulated time: 361.86789814631146m 
Epoch:11-2320/2500, Train cle Loss: 0.0017025619745254517, LR: 4.55e-06, Cumulated time: 362.2933614730835m 
Epoch:11-2360/2500, Train cle Loss: 0.0017460617236793041, LR: 4.53e-06, Cumulated time: 362.71732088327406m 
Epoch:11-2400/2500, Train cle Loss: 0.0011402600212022662, LR: 4.50e-06, Cumulated time: 363.1409527540207m 
Epoch:11-2440/2500, Train cle Loss: 0.06619240343570709, LR: 4.48e-06, Cumulated time: 363.5632485151291m 
Epoch:11-2480/2500, Train cle Loss: 0.003098716028034687, LR: 4.46e-06, Cumulated time: 363.987227499485m 
--------------------------------------------------------------
Report:
              precision    recall  f1-score   support

           0     0.9902    0.9947    0.9924      4883
           1     0.7263    0.5897    0.6509       117

    accuracy                         0.9852      5000
   macro avg     0.8583    0.7922    0.8217      5000
weighted avg     0.9840    0.9852    0.9844      5000

Epoch : 11, F1(pos): 65.094, F1(weighted): 98.445, Pre: 98.404, Rec: 98.520, Acc : 98.520 on Valid_set, Spend:1.321 minutes for evaluation
--------------------------------------------------------------
Report:
              precision    recall  f1-score   support

           0     0.9770    0.9818    0.9794      9471
           1     0.6432    0.5860    0.6133       529

    accuracy                         0.9609     10000
   macro avg     0.8101    0.7839    0.7963     10000
weighted avg     0.9593    0.9609    0.9600     10000

Epoch : 11, F1(pos): 61.325, F1(weighted): 96.004, Pre: 95.933, Rec: 96.090, Acc : 96.090 on Test_set, Spend:2.600 minutes for evaluation
--------------------------------------------------------------
Epoch:11 completed, Total Train Loss:22.097027681869804, Valid Loss:146.07412067055702, Spend 368.13464194138845m 
No improvement for 4/5 epoch(s).
Epoch:12-0/2500, Train cle Loss: 0.00290578487329185, LR: 4.44e-06, Cumulated time: 368.171932554245m 
Epoch:12-40/2500, Train cle Loss: 0.0026436918415129185, LR: 4.42e-06, Cumulated time: 368.59777480363846m 
Epoch:12-80/2500, Train cle Loss: 0.0016024830983951688, LR: 4.40e-06, Cumulated time: 369.0200543006261m 
Epoch:12-120/2500, Train cle Loss: 0.0006436699768528342, LR: 4.37e-06, Cumulated time: 369.44540124734243m 
Epoch:12-160/2500, Train cle Loss: 0.00357371149584651, LR: 4.35e-06, Cumulated time: 369.8707116643588m 
Epoch:12-200/2500, Train cle Loss: 0.00586332380771637, LR: 4.33e-06, Cumulated time: 370.295886751016m 
Epoch:12-240/2500, Train cle Loss: 0.0025747064501047134, LR: 4.30e-06, Cumulated time: 370.7210529367129m 
Epoch:12-280/2500, Train cle Loss: 0.0016264698933809996, LR: 4.28e-06, Cumulated time: 371.17054186264676m 
Epoch:12-320/2500, Train cle Loss: 0.0013834619894623756, LR: 4.25e-06, Cumulated time: 371.5955030242602m 
Epoch:12-360/2500, Train cle Loss: 0.01910957507789135, LR: 4.23e-06, Cumulated time: 372.0209165414174m 
Epoch:12-400/2500, Train cle Loss: 0.0020241651218384504, LR: 4.21e-06, Cumulated time: 372.4460387190183m 
Epoch:12-440/2500, Train cle Loss: 0.002337357960641384, LR: 4.18e-06, Cumulated time: 372.8711377342542m 
Epoch:12-480/2500, Train cle Loss: 0.06609740108251572, LR: 4.16e-06, Cumulated time: 373.2963340242704m 
Epoch:12-520/2500, Train cle Loss: 0.0024165227077901363, LR: 4.14e-06, Cumulated time: 373.74218546946844m 
Epoch:12-560/2500, Train cle Loss: 0.0019291572971269488, LR: 4.11e-06, Cumulated time: 374.16579176187514m 
Epoch:12-600/2500, Train cle Loss: 0.0021038115955889225, LR: 4.09e-06, Cumulated time: 374.590907005469m 
Epoch:12-640/2500, Train cle Loss: 0.0019090308342128992, LR: 4.06e-06, Cumulated time: 375.0160621881485m 
Epoch:12-680/2500, Train cle Loss: 0.0014474540948867798, LR: 4.04e-06, Cumulated time: 375.43999998172126m 
Epoch:12-720/2500, Train cle Loss: 0.000894107623025775, LR: 4.02e-06, Cumulated time: 375.86505075295764m 
Epoch:12-760/2500, Train cle Loss: 0.0016157915815711021, LR: 3.99e-06, Cumulated time: 376.3143635749817m 
Epoch:12-800/2500, Train cle Loss: 0.002407316816970706, LR: 3.97e-06, Cumulated time: 376.7393168608348m 
Epoch:12-840/2500, Train cle Loss: 0.06916259974241257, LR: 3.95e-06, Cumulated time: 377.1644162575404m 
Epoch:12-880/2500, Train cle Loss: 0.0018161729676648974, LR: 3.92e-06, Cumulated time: 377.58931622902554m 
Epoch:12-920/2500, Train cle Loss: 0.0024505327455699444, LR: 3.90e-06, Cumulated time: 378.01452069679897m 
Epoch:12-960/2500, Train cle Loss: 0.0027645546942949295, LR: 3.87e-06, Cumulated time: 378.43964268366494m 
Epoch:12-1000/2500, Train cle Loss: 0.0013994256732985377, LR: 3.85e-06, Cumulated time: 378.8894140680631m 
Epoch:12-1040/2500, Train cle Loss: 0.0019430512329563498, LR: 3.83e-06, Cumulated time: 379.3142496506373m 
Epoch:12-1080/2500, Train cle Loss: 0.0020431457087397575, LR: 3.80e-06, Cumulated time: 379.7393651207288m 
Epoch:12-1120/2500, Train cle Loss: 0.0027779689989984035, LR: 3.78e-06, Cumulated time: 380.1643040577571m 
Epoch:12-1160/2500, Train cle Loss: 0.000672952679451555, LR: 3.76e-06, Cumulated time: 380.58812461694083m 
Epoch:12-1200/2500, Train cle Loss: 0.0013056389288976789, LR: 3.73e-06, Cumulated time: 381.013167655468m 
Epoch:12-1240/2500, Train cle Loss: 0.0016395204002037644, LR: 3.71e-06, Cumulated time: 381.4355028470357m 
Epoch:12-1280/2500, Train cle Loss: 0.05435590073466301, LR: 3.69e-06, Cumulated time: 381.8850176612536m 
Epoch:12-1320/2500, Train cle Loss: 0.0028386791236698627, LR: 3.66e-06, Cumulated time: 382.30894698699313m 
Epoch:12-1360/2500, Train cle Loss: 0.0035783275961875916, LR: 3.64e-06, Cumulated time: 382.73398319482806m 
Epoch:12-1400/2500, Train cle Loss: 0.0012632510624825954, LR: 3.61e-06, Cumulated time: 383.1589568257332m 
Epoch:12-1440/2500, Train cle Loss: 0.0020820386707782745, LR: 3.59e-06, Cumulated time: 383.5829565763473m 
Epoch:12-1480/2500, Train cle Loss: 0.0011572932126000524, LR: 3.57e-06, Cumulated time: 384.00782135725024m 
Epoch:12-1520/2500, Train cle Loss: 0.0017035286873579025, LR: 3.54e-06, Cumulated time: 384.45219185749687m 
Epoch:12-1560/2500, Train cle Loss: 0.0018589466344565153, LR: 3.52e-06, Cumulated time: 384.877261086305m 
Epoch:12-1600/2500, Train cle Loss: 0.001981735695153475, LR: 3.50e-06, Cumulated time: 385.30217595497766m 
Epoch:12-1640/2500, Train cle Loss: 0.0013494121376425028, LR: 3.47e-06, Cumulated time: 385.727131998539m 
Epoch:12-1680/2500, Train cle Loss: 0.002283240668475628, LR: 3.45e-06, Cumulated time: 386.15201453765235m 
Epoch:12-1720/2500, Train cle Loss: 0.002229380188509822, LR: 3.42e-06, Cumulated time: 386.5772644599279m 
Epoch:12-1760/2500, Train cle Loss: 0.0014062849804759026, LR: 3.40e-06, Cumulated time: 387.02020484606425m 
Epoch:12-1800/2500, Train cle Loss: 0.001340624876320362, LR: 3.38e-06, Cumulated time: 387.44521168470385m 
Epoch:12-1840/2500, Train cle Loss: 0.0017130944179371, LR: 3.35e-06, Cumulated time: 387.87007680734m 
Epoch:12-1880/2500, Train cle Loss: 0.0021488270722329617, LR: 3.33e-06, Cumulated time: 388.2952813824018m 
Epoch:12-1920/2500, Train cle Loss: 0.0008986901957541704, LR: 3.31e-06, Cumulated time: 388.720192305247m 
Epoch:12-1960/2500, Train cle Loss: 0.0010052960133180022, LR: 3.28e-06, Cumulated time: 389.14374430179595m 
Epoch:12-2000/2500, Train cle Loss: 0.0013320876751095057, LR: 3.26e-06, Cumulated time: 389.5934957504272m 
Epoch:12-2040/2500, Train cle Loss: 0.0016737420810386539, LR: 3.23e-06, Cumulated time: 390.0183617075284m 
Epoch:12-2080/2500, Train cle Loss: 0.0788068175315857, LR: 3.21e-06, Cumulated time: 390.4418665488561m 
Epoch:12-2120/2500, Train cle Loss: 0.0006417601834982634, LR: 3.19e-06, Cumulated time: 390.8669708609581m 
Epoch:12-2160/2500, Train cle Loss: 0.06684733182191849, LR: 3.16e-06, Cumulated time: 391.29218644301096m 
Epoch:12-2200/2500, Train cle Loss: 0.003187056165188551, LR: 3.14e-06, Cumulated time: 391.71610194444656m 
Epoch:12-2240/2500, Train cle Loss: 0.0014800335047766566, LR: 3.12e-06, Cumulated time: 392.14102655649185m 
Epoch:12-2280/2500, Train cle Loss: 0.0015477898996323347, LR: 3.09e-06, Cumulated time: 392.5854571421941m 
Epoch:12-2320/2500, Train cle Loss: 0.002933323848992586, LR: 3.07e-06, Cumulated time: 393.0103204846382m 
Epoch:12-2360/2500, Train cle Loss: 0.0018205917440354824, LR: 3.05e-06, Cumulated time: 393.4351691087087m 
Epoch:12-2400/2500, Train cle Loss: 0.0015472725499421358, LR: 3.02e-06, Cumulated time: 393.85683667262396m 
Epoch:12-2440/2500, Train cle Loss: 0.0014863088726997375, LR: 3.00e-06, Cumulated time: 394.28176266352335m 
Epoch:12-2480/2500, Train cle Loss: 0.02547774277627468, LR: 2.97e-06, Cumulated time: 394.70554451942445m 
--------------------------------------------------------------
Report:
              precision    recall  f1-score   support

           0     0.9908    0.9937    0.9922      4883
           1     0.6990    0.6154    0.6545       117

    accuracy                         0.9848      5000
   macro avg     0.8449    0.8045    0.8234      5000
weighted avg     0.9840    0.9848    0.9843      5000

Epoch : 12, F1(pos): 65.455, F1(weighted): 98.433, Pre: 98.398, Rec: 98.480, Acc : 98.480 on Valid_set, Spend:1.319 minutes for evaluation
--------------------------------------------------------------
Report:
              precision    recall  f1-score   support

           0     0.9781    0.9795    0.9788      9471
           1     0.6233    0.6068    0.6149       529

    accuracy                         0.9598     10000
   macro avg     0.8007    0.7932    0.7969     10000
weighted avg     0.9593    0.9598    0.9595     10000

Epoch : 12, F1(pos): 61.494, F1(weighted): 95.955, Pre: 95.930, Rec: 95.980, Acc : 95.980 on Test_set, Spend:2.598 minutes for evaluation
--------------------------------------------------------------
Epoch:12 completed, Total Train Loss:23.18847091232601, Valid Loss:145.18360199034214, Spend 398.8490600864092m 
No improvement for 5/5 epoch(s).
Early stopping triggered at epoch 12. Best epoch: 7, best valid F1: 0.6667

**Optimization Finished!,Total spend: 398.8758920232455
**Valid F1(pos): 66.667 at 7 epoch.
**Test F1(pos) when valid best: 61.589 (F1(weighted): 95.630), Recall: 96.013, Precision: 95.360

----- Step 5/6/8: threshold calibration + extended metrics -----
  Reloaded best checkpoint (epoch 7, valid F1 0.6667) for final scoring.
Report:
              precision    recall  f1-score   support

           0     0.9938    0.9883    0.9911      4883
           1     0.6042    0.7436    0.6667       117

    accuracy                         0.9826      5000
   macro avg     0.7990    0.8660    0.8289      5000
weighted avg     0.9847    0.9826    0.9835      5000

Epoch : -1, F1(pos): 66.667, F1(weighted): 98.348, Pre: 98.470, Rec: 98.260, Acc : 98.260 on Valid_set(calibration), Spend:1.323 minutes for evaluation
--------------------------------------------------------------
  Calibrated threshold (val, argmax F1): 0.8134  (val F1(pos) at this point: 0.6838)
Report:
              precision    recall  f1-score   support

           0     0.9800    0.9765    0.9782      9471
           1     0.6039    0.6427    0.6227       529

    accuracy                         0.9588     10000
   macro avg     0.7919    0.8096    0.8005     10000
weighted avg     0.9601    0.9588    0.9594     10000

Epoch : -1, F1(pos): 62.271, F1(weighted): 95.940, Pre: 96.008, Rec: 95.880, Acc : 95.880 on Test_set(final,calibrated), Spend:2.596 minutes for evaluation
--------------------------------------------------------------

  Calibrated threshold used: 0.8134
  [pure_test] n=5000 pos=312  F1(pos)=0.7406  F1(weighted)=0.9701  AUPRC=0.8194  G-Mean=0.7927  Recall@100=0.3141  Recall@500=0.8782
  [overlap] n=5000 pos=217  F1(pos)=0.5107  F1(weighted)=0.9510  AUPRC=0.6285  G-Mean=0.7946  Recall@100=0.4055  Recall@500=0.7742
  [overall (pure_test+overlap)] n=10000 pos=529  F1(pos)=0.6227  F1(weighted)=0.9594  AUPRC=0.6904  G-Mean=0.7922  Recall@100=0.1834  Recall@500=0.6049

----- Step 8: runtime validation checks -----
  [PASS] train_examples used only 'train'-partition accounts (enforced upstream in mg_build_examples.py; n_train=20000)
  [PASS] Test set has both classes present (phishing_rate=0.0529)
  [PASS] valid/test scored against ground-truth isp only -- use_isp_augmented=False affected TRAINING labels only, never benchmark reporting
  [INFO] This is a SMOKE-SCALE run (subsampled accounts) -- class ratio here is intentionally
         not representative of the real ~1:1440 rate found in Step 2's full-graph split;
         see split_stats.json for the real, full-scale distribution.
wandb: updating run metadata
wandb: uploading output.log; uploading wandb-summary.json
wandb: uploading output.log; uploading config.yaml
wandb: uploading output.log
wandb: uploading history steps 13-13, summary, console lines 1221-1245
wandb: 
wandb: Run history:
wandb:                       epoch ▁▂▂▃▃▄▅▅▆▆▇▇█
wandb:  final/calibrated_threshold ▁
wandb:         final/overall_auprc ▁
wandb:        final/overall_f1_pos ▁
wandb:   final/overall_f1_weighted ▁
wandb:        final/overall_g_mean ▁
wandb:             final/overall_n ▁
wandb:           final/overall_pos ▁
wandb: final/overall_recall_at_100 ▁
wandb: final/overall_recall_at_500 ▁
wandb:                         +29 ...
wandb: 
wandb: Run summary:
wandb:                       epoch 12
wandb:  final/calibrated_threshold 0.81338
wandb:         final/overall_auprc 0.69037
wandb:        final/overall_f1_pos 0.62271
wandb:   final/overall_f1_weighted 0.9594
wandb:        final/overall_g_mean 0.79221
wandb:             final/overall_n 10000
wandb:           final/overall_pos 529
wandb: final/overall_recall_at_100 0.18336
wandb: final/overall_recall_at_500 0.60491
wandb:                         +30 ...
wandb: 
wandb: 🚀 View run dazzling-spaceship-18 at: https://wandb.ai/hngocvo207-national-economic-university/fraud_detection/runs/h3gxwf4k
wandb: ⭐️ View project at: https://wandb.ai/hngocvo207-national-economic-university/fraud_detection
wandb: Synced 5 W&B file(s), 0 media file(s), 0 artifact file(s) and 0 other file(s)
wandb: Find logs at: ./wandb/run-20260802_235707-h3gxwf4k/logs
